Id,Label,clustering,triangles,pageranks,degree,Eccentricity,closnesscentrality,harmonicclosnesscentrality,betweenesscentrality,componentnumber,eigencentrality,weighted degree,Authority,Hub,modularity_class,stat_inf_class
Addam-Marbrand,,0.545455,36,0.001658,12,7,0.345803,0.373911,0.00047,0,0.205085,56,0.052661,0.052661,1,4
Brynden-Tully,,0.368421,63,0.002709,19,6,0.371495,0.403396,0.002227,0,0.238086,185,0.06002,0.06002,1,14
Cersei-Lannister,,0.131658,613,0.013362,97,6,0.454545,0.512159,0.088704,0,0.925314,2232,0.235779,0.235779,0,4
Gyles-Rosby,,0.411765,63,0.002327,18,7,0.339453,0.369173,0.000415,0,0.23067,101,0.059532,0.059532,0,4
Jaime-Lannister,,0.108515,548,0.015461,101,6,0.451961,0.511572,0.100838,0,0.89004,1569,0.226345,0.226345,1,14
Jalabhar-Xho,,0.5,5,0.000857,5,7,0.313733,0.332989,0.000807,0,0.049154,16,0.012675,0.012675,0,4
Joffrey-Baratheon,,0.219523,515,0.008865,69,6,0.433952,0.485367,0.031759,0,0.843277,1762,0.214379,0.214379,0,15
Kevan-Lannister,,0.507353,69,0.002385,17,6,0.362682,0.393375,0.001893,0,0.287378,196,0.073664,0.073664,0,4
Lyle-Crakehall,,0.5,5,0.000827,5,7,0.312992,0.333031,0.000009,0,0.060385,27,0.015553,0.015553,1,4
Oberyn-Martell,,0.336842,64,0.002833,20,7,0.356023,0.389048,0.009803,0,0.257305,192,0.065787,0.065787,0,1
Tyrion-Lannister,,0.089283,659,0.018362,122,6,0.476333,0.538365,0.162191,0,1,2873,0.251562,0.251562,0,3
Tywin-Lannister,,0.271277,306,0.006579,48,6,0.411278,0.455073,0.02067,0,0.628177,690,0.159782,0.159782,0,0
Varys,,0.363636,204,0.004487,34,6,0.401515,0.43935,0.009201,0,0.510594,609,0.129808,0.129808,0,0
Aegon-Frey-(son-of-Stevron),,1,6,0.000715,4,6,0.313609,0.332642,0,0,0.058565,18,0.014688,0.014688,1,14
Catelyn-Stark,,0.138378,384,0.011187,75,6,0.433479,0.487275,0.054974,0,0.698765,1230,0.175885,0.175885,1,14
Robb-Stark,,0.141429,382,0.011081,74,5,0.444134,0.49392,0.066468,0,0.693603,1424,0.173192,0.173192,1,14
Stevron-Frey,,0.8,8,0.000856,5,6,0.313981,0.33369,0.000003,0,0.062681,19,0.015711,0.015711,1,14
Walder-Frey,,0.345029,59,0.002829,19,6,0.360054,0.390377,0.006634,0,0.217492,176,0.054951,0.054951,1,14
Aegon-I-Targaryen,,0.222222,8,0.001787,9,6,0.361692,0.386457,0.006891,0,0.104604,41,0.025583,0.025583,9,6
Daenerys-Targaryen,,0.076484,201,0.013048,73,6,0.383317,0.438302,0.118418,0,0.27378,1608,0.063045,0.063045,9,10
Eddard-Stark,,0.151796,410,0.011485,74,6,0.455849,0.502935,0.078732,0,0.762143,1649,0.191659,0.191659,2,12
Harren-Hoare,,0.666667,2,0.000634,3,7,0.313981,0.330767,0.000077,0,0.031752,16,0.007827,0.007827,8,6
Nan,,0.5,14,0.001325,8,6,0.346254,0.373857,0.000714,0,0.105542,91,0.025463,0.025463,1,6
Rhaenys-Targaryen,,1,1,0.000621,2,7,0.265797,0.275903,0,0,0.004038,7,0.000928,0.000928,9,6
Stannis-Baratheon,,0.106997,419,0.01365,89,5,0.444631,0.500063,0.11014,0,0.734925,1375,0.182076,0.182076,4,7
Torrhen-Stark,,1,1,0.000489,2,7,0.313857,0.328754,0,0,0.030289,6,0.007602,0.007602,2,6
Visenya-Targaryen,,1,1,0.000621,2,7,0.265797,0.275903,0,0,0.004038,6,0.000928,0.000928,9,6
Aegon-Targaryen-(son-of-Rhaegar),,0.333333,35,0.002558,15,7,0.34223,0.369907,0.006012,0,0.101305,136,0.024692,0.024692,0,3
Elia-Martell,,0.583333,21,0.001457,9,7,0.343116,0.370347,0.0027,0,0.156877,56,0.040091,0.040091,0,1
Franklyn-Flowers,,0.333333,1,0.000844,3,7,0.260229,0.272225,0.002516,0,0.008794,10,0.002047,0.002047,0,3
Haldon,,0.454545,25,0.001807,11,7,0.326489,0.349299,0.000285,0,0.059736,135,0.014405,0.014405,0,3
Harry-Strickland,,0.666667,2,0.000709,3,7,0.260144,0.272016,0.000005,0,0.008976,31,0.002088,0.002088,0,3
Jon-Connington,,0.316667,38,0.002775,16,6,0.350375,0.377589,0.01269,0,0.136807,169,0.033735,0.033735,0,3
Lemore,,0.952381,20,0.001175,7,7,0.324755,0.345463,0.000002,0,0.05174,54,0.01267,0.01267,0,3
Rhaegar-Targaryen,,0.359477,55,0.00271,18,6,0.368056,0.398512,0.007842,0,0.229491,202,0.05746,0.05746,2,1
Rhaenys-Targaryen-(daughter-of-Rhaegar),,0,0,0.000333,1,8,0.255053,0.265752,0,0,0.003744,4,0.000864,0.000864,0,3
Rolly-Duckfield,,0.821429,23,0.001308,8,7,0.326087,0.347412,0.000013,0,0.055326,101,0.013466,0.013466,0,3
Viserys-Targaryen,,0.406593,37,0.002102,14,6,0.350375,0.376541,0.002457,0,0.125237,169,0.030214,0.030214,9,1
Yandry,,0.952381,20,0.001175,7,7,0.324755,0.345463,0.000002,0,0.05174,65,0.01267,0.01267,0,3
Ysilla,,1,15,0.001025,6,7,0.324225,0.34431,0,0,0.046982,46,0.011529,0.011529,0,3
Aegon-V-Targaryen,,0,0,0.000325,1,6,0.262636,0.274004,0,0,0.005916,6,0.001226,0.001226,10,9
Aemon-Targaryen-(Maester-Aemon),,0.273846,89,0.00417,26,5,0.356023,0.38782,0.019,0,0.156585,395,0.035025,0.035024,10,9
Aemon-Targaryen-(Dragonknight),,0,0,0.000319,1,7,0.311398,0.328733,0,0,0.030904,3,0.007921,0.007921,1,14
Alleras,,0.428571,12,0.00181,8,6,0.272915,0.292683,0.014199,0,0.015581,48,0.002925,0.002925,5,9
Alliser-Thorne,,0.533333,56,0.00215,15,5,0.363014,0.392285,0.002218,0,0.169761,159,0.039757,0.039757,10,9
Bowen-Marsh,,0.431373,66,0.002645,18,6,0.336864,0.36805,0.001066,0,0.119494,187,0.026331,0.026331,10,9
Chett,,0.714286,15,0.001193,7,6,0.315727,0.339769,0.000096,0,0.048589,54,0.010265,0.010265,10,9
Clydas,,0.571429,12,0.001153,7,6,0.330699,0.356478,0.000222,0,0.067994,88,0.015282,0.015282,10,9
Cotter-Pyke,,0.688889,31,0.0015,10,6,0.331526,0.358994,0.00026,0,0.082918,68,0.018277,0.018277,10,9
Daeron-II-Targaryen,,0,0,0.000477,2,6,0.299661,0.318113,0.001247,0,0.016464,6,0.003432,0.003432,9,10
Dareon,,0.466667,7,0.001172,6,6,0.326355,0.353606,0.003076,0,0.063405,53,0.014399,0.014399,10,9
Denys-Mallister,,0.861111,31,0.001348,9,6,0.314727,0.34021,0.000013,0,0.064809,59,0.013937,0.013937,10,9
Donal-Noye,,0.642857,18,0.001327,8,6,0.332775,0.357778,0.00024,0,0.077983,85,0.017514,0.017514,10,9
Eddison-Tollett,,0.378947,72,0.003002,20,6,0.319534,0.350524,0.003127,0,0.090064,154,0.018728,0.018728,10,9
Gilly,,0.318681,29,0.002198,14,6,0.317746,0.346457,0.001125,0,0.06938,216,0.014631,0.014631,10,9
Grenn,,0.447619,47,0.002246,15,6,0.316733,0.344801,0.000475,0,0.06991,265,0.014396,0.014396,10,9
Hobb,,0.545455,30,0.001638,11,6,0.317112,0.343836,0.000087,0,0.072044,49,0.015585,0.015585,10,9
Janos-Slynt,,0.403162,102,0.003132,23,5,0.381844,0.416017,0.007183,0,0.332018,196,0.081741,0.081741,10,9
Jeor-Mormont,,0.23545,89,0.004335,28,5,0.371322,0.407254,0.017268,0,0.185984,484,0.042284,0.042284,10,9
Jon-Snow,,0.066294,427,0.019,114,5,0.445378,0.513082,0.19212,0,0.615016,2757,0.144182,0.144182,10,9
Maekar-I-Targaryen,,0,0,0.000325,1,6,0.262636,0.274004,0,0,0.005916,3,0.001226,0.001226,10,9
Mance-Rayder,,0.219697,116,0.004959,33,6,0.36994,0.41044,0.013605,0,0.222738,389,0.050948,0.050948,10,9
Owen,,0.511111,23,0.001526,10,6,0.339309,0.361153,0.000805,0,0.070648,55,0.015816,0.015816,10,9
Pypar,,0.433333,52,0.002334,16,6,0.315226,0.344298,0.000234,0,0.076437,232,0.015819,0.015819,10,9
Robert-Baratheon,,0.201923,420,0.008779,65,5,0.459272,0.499769,0.078228,0,0.774229,1488,0.194375,0.194375,2,2
Samwell-Tarly,,0.14482,137,0.006976,44,6,0.352706,0.399979,0.041466,0,0.201112,934,0.044519,0.044519,10,9
Wynton-Stout,,0,0,0.000325,1,6,0.262636,0.274004,0,0,0.005916,3,0.001226,0.001226,10,9
Aenys-Frey,,0.5,3,0.000831,4,7,0.318127,0.340368,0.000812,0,0.045608,19,0.011056,0.011056,4,7
Arya-Stark,,0.11245,392,0.013448,84,6,0.431362,0.488386,0.087242,0,0.687691,1460,0.172624,0.172624,8,6
Hosteen-Frey,,0.333333,2,0.000969,4,7,0.267137,0.280788,0.000969,0,0.008014,17,0.001829,0.001829,4,7
Theon-Greyjoy,,0.095105,204,0.01204,66,6,0.423323,0.474654,0.111283,0,0.422585,782,0.102474,0.102474,3,13
Wyman-Manderly,,0.279412,38,0.002911,17,6,0.355705,0.385031,0.009243,0,0.159496,116,0.039023,0.039023,4,7
Aeron-Greyjoy,,0.190476,20,0.003891,15,7,0.312992,0.338104,0.012935,0,0.033148,151,0.007114,0.007114,3,13
Asha-Greyjoy,,0.113333,34,0.005265,25,6,0.35177,0.381929,0.033025,0,0.098513,234,0.022997,0.022997,3,13
Baelor-Blacktyde,,1,6,0.000987,4,7,0.276811,0.291941,0,0,0.011196,15,0.002329,0.002329,3,13
Balon-Greyjoy,,0.487179,38,0.002302,13,6,0.364679,0.392474,0.009546,0,0.175804,149,0.043302,0.043302,3,13
Dagmer,,0.7,7,0.001019,5,7,0.3053,0.326469,0.000144,0,0.040017,23,0.00943,0.00943,3,13
Dunstan-Drumm,,0.666667,2,0.000846,3,8,0.251026,0.265036,0.000007,0,0.004057,10,0.000628,0.000628,3,13
Emmond,,0,0,0.000409,1,8,0.238452,0.248561,0,0,0.001478,4,0.000249,0.000249,3,13
Euron-Greyjoy,,0.282051,22,0.003152,13,7,0.313115,0.33737,0.008005,0,0.031641,158,0.006743,0.006743,3,13
Gormond-Goodbrother,,0,0,0.000409,1,8,0.238452,0.248561,0,0,0.001478,6,0.000249,0.000249,3,13
Gorold-Goodbrother,,1,1,0.000631,2,8,0.250868,0.264197,0,0,0.003542,13,0.000578,0.000578,3,13
Greydon-Goodbrother,,0,0,0.000409,1,8,0.238452,0.248561,0,0,0.001478,4,0.000249,0.000249,3,13
Meldred-Merlyn,,1,1,0.000631,2,8,0.250868,0.264197,0,0,0.003542,10,0.000578,0.000578,3,13
Murenmure,,1,1,0.000564,2,7,0.298535,0.315987,0,0,0.016795,14,0.003835,0.003835,3,13
Rus,,0,0,0.000409,1,8,0.238452,0.248561,0,0,0.001478,5,0.000249,0.000249,3,13
Victarion-Greyjoy,,0.101449,28,0.006258,24,7,0.333753,0.365819,0.036451,0,0.045397,215,0.009394,0.009394,3,13
Aerys-I-Targaryen,,0,0,0.000303,1,6,0.314851,0.326834,0,0,0.02686,3,0.006802,0.006802,2,2
Aerys-II-Targaryen,,0.327485,56,0.003342,19,6,0.366359,0.398239,0.014069,0,0.265654,184,0.067482,0.067482,2,1
Arthur-Dayne,,0.3,3,0.00123,5,7,0.27739,0.292758,0.005297,0,0.021552,24,0.005382,0.005382,2,1
Barristan-Selmy,,0.212195,174,0.006119,41,6,0.386861,0.427987,0.04555,0,0.394369,470,0.098095,0.098095,9,10
Brandon-Stark,,0.428571,12,0.001285,8,6,0.338154,0.358449,0.000462,0,0.120731,55,0.030519,0.030519,2,1
Brienne-of-Tarth,,0.168687,167,0.007059,45,6,0.384429,0.429581,0.032252,0,0.45689,521,0.116308,0.116308,1,12
Denys-Darklyn,,0,0,0.000338,1,7,0.268219,0.279949,0,0,0.009201,4,0.002361,0.002361,2,1
Elbert-Arryn,,0,0,0.000338,1,7,0.268219,0.279949,0,0,0.009201,3,0.002361,0.002361,2,1
Gerold-Hightower,,0.464286,13,0.001527,8,6,0.34223,0.364004,0.008396,0,0.108828,34,0.027488,0.027488,2,1
Jon-Arryn,,0.558824,76,0.002673,17,6,0.382764,0.415178,0.008812,0,0.314051,199,0.079629,0.079629,2,4
Owen-Merryweather,,0,0,0.000338,1,7,0.268219,0.279949,0,0,0.009201,3,0.002361,0.002361,2,1
Rossart,,0,0,0.000338,1,7,0.268219,0.279949,0,0,0.009201,4,0.002361,0.002361,2,1
Aggar,,0,0,0.001521,4,7,0.269036,0.283345,0.007997,0,0.007393,13,0.001664,0.001664,3,13
Gariss,,0,0,0.001052,2,8,0.21217,0.219768,0.002516,0,0.000501,8,0.000058,0.000058,3,13
Gelmarr,,0,0,0.000512,1,8,0.212057,0.218929,0,0,0.000395,3,0.000058,0.000058,3,13
Gynir,,0,0,0.000714,2,8,0.232728,0.242841,0.000081,0,0.001363,7,0.000239,0.000239,3,13
Ramsay-Snow,,0.229249,58,0.003954,23,6,0.366359,0.399706,0.016713,0,0.193825,241,0.047204,0.047204,3,13
Aggo,,0.666667,30,0.001554,10,7,0.2951,0.318524,0.0001,0,0.04297,112,0.008956,0.008956,9,10
Belwas,,0.410256,32,0.002041,13,7,0.297641,0.323408,0.000281,0,0.049756,153,0.010371,0.010371,9,10
Daario-Naharis,,0.391813,67,0.003018,19,7,0.29876,0.327916,0.005468,0,0.056177,196,0.011193,0.011193,9,10
Drogo,,0.290476,61,0.003514,21,6,0.331665,0.358197,0.012391,0,0.069344,307,0.014787,0.014787,9,10
Grey-Worm,,0.785714,22,0.001262,8,7,0.294772,0.317161,0.000033,0,0.040047,59,0.008401,0.008401,9,10
Jhogo,,0.560606,37,0.001848,12,7,0.295429,0.319991,0.000165,0,0.045374,131,0.009324,0.009324,9,10
Jorah-Mormont,,0.283077,92,0.003819,26,6,0.355228,0.38717,0.010827,0,0.139246,401,0.031713,0.031713,9,10
Quaro,,0.8,8,0.000897,5,7,0.277972,0.297832,0.000001,0,0.017611,21,0.003385,0.003385,9,10
Rakharo,,0.666667,30,0.001569,10,7,0.282616,0.305148,0.000032,0,0.030093,85,0.005617,0.005617,9,10
Alayaya,,0.5,3,0.000872,4,7,0.329465,0.350872,0.002516,0,0.077249,16,0.019677,0.019677,0,3
Bronn,,0.256667,77,0.00355,25,6,0.362352,0.396625,0.0029,0,0.291006,313,0.074284,0.074284,0,3
Dancy,,0,0,0.000374,1,8,0.247895,0.256968,0,0,0.002734,3,0.000689,0.000689,0,3
Albett,,1,3,0.000614,3,6,0.308498,0.329224,0,0,0.026234,11,0.005706,0.005706,10,9
Halder,,0.678571,19,0.00131,8,6,0.312255,0.336583,0.000044,0,0.046468,62,0.009795,0.009795,10,9
Rast,,0.8,12,0.001024,6,6,0.312009,0.335325,0.000023,0,0.042569,26,0.00909,0.00909,10,9
Alebelly,,0.5,3,0.000832,4,6,0.295979,0.312138,0.000007,0,0.0219,19,0.005221,0.005221,1,8
Bran-Stark,,0.155136,222,0.008375,54,5,0.418862,0.463983,0.044911,0,0.495709,1508,0.122537,0.122537,1,8
Hayhead,,1,1,0.000497,2,6,0.295429,0.310356,0,0,0.018376,9,0.004471,0.004471,1,8
Jojen-Reed,,0.488889,22,0.001552,10,6,0.306122,0.328679,0.000272,0,0.057821,261,0.013253,0.013253,1,8
Mikken,,0.5,5,0.000994,5,6,0.31152,0.330901,0.000236,0,0.037526,25,0.008926,0.008926,1,8
Alerie-Hightower,,1,1,0.000416,2,7,0.281915,0.295924,0,0,0.024103,6,0.006274,0.006274,0,4
Mace-Tyrell,,0.422925,107,0.003086,23,6,0.382028,0.414591,0.005881,0,0.342259,203,0.087408,0.087408,0,4
Margaery-Tyrell,,0.296552,129,0.003992,30,6,0.362352,0.399581,0.004546,0,0.357497,442,0.091883,0.091883,0,4
Alester-Florent,,0.619048,13,0.001199,7,6,0.318127,0.3387,0.000363,0,0.061901,41,0.015097,0.015097,4,7
Axell-Florent,,0.511111,23,0.001692,10,6,0.329739,0.357086,0.001703,0,0.075464,98,0.017469,0.017469,4,7
Cortnay-Penrose,,0.619048,13,0.001184,7,6,0.344156,0.366268,0.00066,0,0.106815,39,0.026768,0.026768,4,7
Davos-Seaworth,,0.126894,67,0.006084,33,6,0.352706,0.389748,0.023847,0,0.179426,483,0.043798,0.043798,4,7
Lamprey,,0.833333,5,0.000823,4,7,0.268219,0.283744,0.000001,0,0.012199,19,0.002751,0.002751,4,7
Renly-Baratheon,,0.28734,202,0.005541,38,6,0.398097,0.439811,0.018923,0,0.514319,639,0.130553,0.130553,4,2
Selyse-Florent,,0.25731,44,0.003075,19,6,0.34223,0.374004,0.005671,0,0.119451,207,0.028009,0.028009,4,7
Alla-Tyrell,,0.7,7,0.000831,5,7,0.304248,0.324079,0.000012,0,0.047547,43,0.012282,0.012282,0,4
Elinor-Tyrell,,0.7,7,0.000854,5,7,0.304364,0.324289,0.000032,0,0.045294,44,0.011692,0.011692,0,4
Megga-Tyrell,,1,6,0.000703,4,7,0.304015,0.32324,0,0,0.043536,49,0.011257,0.011257,0,4
Osney-Kettleblack,,0.436364,24,0.001547,11,6,0.336722,0.359371,0.000488,0,0.118239,85,0.030305,0.030305,0,4
Sansa-Stark,,0.167568,465,0.010185,75,6,0.433007,0.487044,0.048691,0,0.807674,1547,0.205847,0.205847,0,15
Allar-Deem,,1,1,0.000432,2,6,0.327295,0.344612,0,0,0.046607,7,0.011663,0.011663,0,3
Allard-Seaworth,,0.666667,2,0.000695,3,6,0.3097,0.328029,0.000017,0,0.033533,13,0.008137,0.008137,4,7
Marya-Seaworth,,1,1,0.000516,2,6,0.30802,0.324885,0,0,0.027203,8,0.006656,0.006656,4,7
Armen,,0.6,9,0.001517,6,7,0.214981,0.227128,0.000017,0,0.002448,23,0.000236,0.000236,5,9
Leo-Tyrell,,0.6,6,0.001221,5,7,0.262203,0.28186,0.005207,0,0.009263,24,0.001681,0.001681,5,9
Marwyn,,0.666667,2,0.000731,3,7,0.261685,0.279868,0.000562,0,0.008777,12,0.001668,0.001668,5,9
Mollander,,0.833333,5,0.001086,4,7,0.214865,0.22587,0.000004,0,0.001537,20,0.000123,0.000123,5,9
Pate-(novice),,0.238095,5,0.002227,7,7,0.215097,0.227966,0.010042,0,0.002133,47,0.000174,0.000174,5,9
Roone,,0.833333,5,0.001034,4,7,0.214633,0.225136,0.000001,0,0.001772,20,0.000174,0.000174,5,9
Qhorin-Halfhand,,0.32967,30,0.002404,14,6,0.317365,0.344759,0.002814,0,0.066492,166,0.013992,0.013992,10,9
Alyn,,0.7,7,0.000819,5,6,0.327026,0.3426,0.000023,0,0.072883,32,0.018421,0.018421,2,12
Harwin,,0.490909,27,0.001626,11,7,0.32797,0.351459,0.000358,0,0.106771,71,0.026943,0.026943,8,6
Jory-Cassel,,0.447619,94,0.003021,21,6,0.401515,0.434969,0.004878,0,0.336482,152,0.084117,0.084117,2,8
Tomard,,0.619048,13,0.001116,7,7,0.333473,0.356825,0.000146,0,0.115207,42,0.029322,0.029322,2,12
Alys-Arryn,,0,0,0.000755,2,7,0.2771,0.289635,0.002516,0,0.010933,7,0.00279,0.00279,2,4
Elys-Waynwood,,0,0,0.000509,1,8,0.217035,0.223302,0,0,0.000469,4,0.000098,0.000098,2,4
Alys-Karstark,,1,3,0.000625,3,6,0.310547,0.331593,0,0,0.031276,24,0.006964,0.006964,10,9
Melisandre,,0.233202,59,0.003548,23,6,0.355387,0.391656,0.00649,0,0.177127,327,0.041716,0.041716,4,9
Sigorn,,0.833333,5,0.000769,4,6,0.326891,0.350377,0.000054,0,0.05633,17,0.01312,0.01312,10,9
Alysane-Mormont,,1,3,0.000677,3,6,0.312992,0.331237,0,0,0.031096,28,0.007464,0.007464,3,13
Justin-Massey,,0.6,6,0.001055,5,6,0.313239,0.332495,0.000048,0,0.034633,40,0.008231,0.008231,3,13
Amabel,,1,1,0.000564,2,7,0.301593,0.319404,0,0,0.025113,10,0.00626,0.00626,8,6
Harra,,1,1,0.000564,2,7,0.301593,0.319404,0,0,0.025113,7,0.00626,0.00626,8,6
Amerei-Frey,,0.666667,2,0.000577,3,7,0.311887,0.33041,0.000002,0,0.040855,20,0.010507,0.010507,1,4
Lancel-Lannister,,0.590909,39,0.001665,12,6,0.352706,0.379916,0.00052,0,0.227325,149,0.058371,0.058371,0,0
Amory-Lorch,,0.521053,99,0.002541,20,7,0.348226,0.380326,0.001181,0,0.267903,105,0.069042,0.069042,0,5
Chiswyck,,0.897436,70,0.001641,13,7,0.333333,0.35932,0.000043,0,0.180759,56,0.046936,0.046936,0,5
Dunsen,,0.897436,70,0.001641,13,7,0.333333,0.35932,0.000043,0,0.180759,154,0.046936,0.046936,0,5
Gendry,,0.273684,52,0.003237,20,6,0.341788,0.369853,0.012467,0,0.159112,238,0.040039,0.040039,8,6
Gregor-Clegane,,0.390152,206,0.004142,33,6,0.379838,0.418679,0.005486,0,0.477885,410,0.122881,0.122881,0,5
Hot-Pie,,0.4,22,0.001859,11,7,0.306005,0.329215,0.00304,0,0.056862,195,0.01401,0.01401,8,6
Ilyn-Payne,,0.5671,131,0.002747,22,6,0.365685,0.4,0.000895,0,0.368726,268,0.094929,0.094929,0,5
Meryn-Trant,,0.6,126,0.002614,21,6,0.368226,0.400964,0.000941,0,0.334614,298,0.086173,0.086173,0,5
Polliver,,0.846154,77,0.001757,14,7,0.33715,0.364624,0.00009,0,0.207696,151,0.053896,0.053896,0,5
Rafford,,0.948718,74,0.001646,13,7,0.340034,0.368398,0.000047,0,0.207762,171,0.053854,0.053854,0,5
Roose-Bolton,,0.328042,124,0.00396,28,6,0.392012,0.429308,0.005556,0,0.359061,232,0.090199,0.090199,1,14
Sandor-Clegane,,0.355556,224,0.004673,36,6,0.382212,0.42304,0.008828,0,0.478219,528,0.122853,0.122853,0,2
Tickler,,1,66,0.001516,12,7,0.333194,0.358691,0,0,0.177876,143,0.046201,0.046201,0,5
Vargo-Hoat,,0.422222,19,0.001531,10,7,0.331112,0.358209,0.000684,0,0.121275,73,0.030833,0.030833,1,6
Yoren,,0.30719,47,0.002674,18,6,0.370975,0.404885,0.004849,0,0.197819,120,0.048581,0.048581,8,6
Anders-Yronwood,,0,0,0.000468,2,8,0.272821,0.287911,0.000017,0,0.011058,7,0.00266,0.00266,9,10
Quentyn-Martell,,0.192982,33,0.00356,19,7,0.297753,0.329677,0.01135,0,0.049018,246,0.010234,0.010234,9,10
Andrew-Estermont,,0.333333,1,0.000876,3,7,0.263419,0.277685,0.002516,0,0.009086,11,0.002101,0.002101,4,7
Edric-Storm,,0.533333,8,0.001127,6,6,0.334034,0.351992,0.001611,0,0.065889,44,0.016182,0.016182,4,7
Gerald-Gower,,0,0,0.000437,1,8,0.208552,0.215476,0,0,0.000444,3,0.000074,0.000074,4,7
Andrey-Dalt,,0.9,9,0.000942,5,7,0.277972,0.29345,0.000041,0,0.015006,37,0.003541,0.003541,6,1
Arianne-Martell,,0.189474,36,0.003824,20,7,0.295319,0.32171,0.017878,0,0.05124,189,0.012294,0.012294,6,1
Garin-(orphan),,0.444444,16,0.001605,9,7,0.278361,0.295966,0.000798,0,0.020445,63,0.004816,0.004816,6,1
Myrcella-Baratheon,,0.333333,77,0.003123,22,6,0.377135,0.410566,0.020193,0,0.297773,264,0.07536,0.07536,6,1
Sylva-Santagar,,0.9,9,0.000942,5,7,0.277972,0.29345,0.000041,0,0.015006,33,0.003541,0.003541,6,1
Tyene-Sand,,0.388889,14,0.001679,9,7,0.27585,0.294133,0.002677,0,0.021931,57,0.005171,0.005171,6,1
Anguy,,0.555556,20,0.001438,9,7,0.309821,0.331647,0.001263,0,0.061786,81,0.015542,0.015542,8,6
Beric-Dondarrion,,0.464052,71,0.002527,18,6,0.358916,0.390147,0.00214,0,0.263216,166,0.067164,0.067164,8,6
Greenbeard,,0.761905,16,0.001123,7,7,0.304714,0.326008,0.000006,0,0.045911,44,0.011369,0.011369,8,6
Husband,,1,1,0.00046,2,8,0.246206,0.258163,0,0,0.006109,7,0.001473,0.001473,8,6
Lem,,0.380952,40,0.002389,15,7,0.326355,0.35519,0.005933,0,0.105481,155,0.026562,0.026562,8,6
Sharna,,0.833333,5,0.000738,4,8,0.247125,0.260972,0.000002,0,0.010221,15,0.002409,0.002409,8,6
Tom-of-Sevenstreams,,0.555556,20,0.001424,9,7,0.305652,0.328314,0.000429,0,0.05146,85,0.012734,0.012734,8,6
Anya-Waynwood,,0.52381,11,0.001284,7,7,0.287835,0.306679,0.000584,0,0.026276,44,0.006581,0.006581,0,11
Benedar-Belmore,,0.7,7,0.000956,5,7,0.287627,0.305421,0.00044,0,0.023741,21,0.005981,0.005981,0,11
Gilwood-Hunter,,0.5,5,0.000957,5,7,0.275087,0.290809,0.000275,0,0.015317,22,0.003797,0.003797,0,11
Harrold-Hardyng,,0.666667,2,0.000626,3,8,0.254889,0.268792,0.000008,0,0.009083,13,0.002233,0.002233,0,11
Horton-Redfort,,0.666667,4,0.000813,4,8,0.235556,0.247294,0.000002,0,0.004874,21,0.001115,0.001115,0,11
Petyr-Baelish,,0.252544,273,0.006531,47,6,0.402124,0.448344,0.025899,0,0.601496,733,0.152962,0.152962,0,11
Symond-Templeton,,0.7,7,0.000932,5,7,0.287627,0.305421,0.000038,0,0.025581,23,0.006467,0.006467,0,11
Yohn-Royce,,0.428571,12,0.001354,8,7,0.306595,0.328649,0.001976,0,0.060724,40,0.015496,0.015496,0,11
Archibald-Yronwood,,0.833333,5,0.000885,4,8,0.229902,0.244704,0.000002,0,0.005083,43,0.000804,0.000804,9,10
Cletus-Yronwood,,0.6,6,0.001078,5,7,0.279438,0.299781,0.000787,0,0.014645,23,0.002844,0.002844,9,10
Gerris-Drinkwater,,0.527778,19,0.00174,9,7,0.293142,0.317412,0.002657,0,0.031922,100,0.006724,0.006724,9,10
Tattered-Prince,,0.428571,12,0.001789,8,7,0.280226,0.302612,0.005877,0,0.016839,45,0.003177,0.003177,9,10
Ardrian-Celtigar,,0,0,0.000426,1,7,0.236607,0.244786,0,0,0.00125,5,0.000277,0.000277,4,7
Monford-Velaryon,,0.333333,1,0.000837,3,6,0.309821,0.328239,0.002516,0,0.032634,11,0.007914,0.007914,4,7
Areo-Hotah,,0.5,18,0.001398,9,7,0.290889,0.310012,0.00013,0,0.045061,118,0.011291,0.011291,6,1
Arys-Oakheart,,0.5,18,0.001367,9,7,0.326757,0.351165,0.001771,0,0.112313,76,0.02863,0.02863,6,1
Balon-Swann,,0.441667,53,0.002134,16,7,0.348684,0.37867,0.003599,0,0.220095,96,0.056627,0.056627,0,4
Caleotte,,0.666667,4,0.000703,4,7,0.28628,0.302171,0.000073,0,0.026086,27,0.006631,0.006631,6,1
Doran-Martell,,0.290476,61,0.003047,21,6,0.360217,0.39174,0.014537,0,0.208153,203,0.052176,0.052176,6,1
Ellaria-Sand,,0.733333,11,0.000972,6,7,0.334174,0.357287,0.000989,0,0.08709,24,0.022007,0.022007,0,1
Obara-Sand,,0.6,9,0.001079,6,7,0.266421,0.282016,0.000025,0,0.013643,68,0.003144,0.003144,6,1
Cedra,,1,1,0.000503,2,8,0.228186,0.239412,0,0,0.003005,13,0.000599,0.000599,6,1
Franklyn-Fowler,,0,0,0.000351,1,8,0.228055,0.238573,0,0,0.002093,3,0.00043,0.00043,6,1
Gerold-Dayne,,0.8,8,0.000866,5,7,0.282616,0.298985,0.000009,0,0.024912,34,0.006219,0.006219,6,1
Mellei,,1,1,0.00061,2,8,0.228121,0.239202,0,0,0.002297,8,0.000446,0.000446,6,1
Morra,,1,1,0.00061,2,8,0.228121,0.239202,0,0,0.002297,8,0.000446,0.000446,6,1
Ricasso,,0,0,0.0008,2,8,0.228186,0.239412,0.002516,0,0.002201,7,0.000431,0.000431,6,1
Timoth,,0,0,0.000351,1,8,0.228055,0.238573,0,0,0.002093,3,0.00043,0.00043,6,1
Arnolf-Karstark,,0.2,2,0.001125,5,6,0.315852,0.335639,0.00262,0,0.036872,20,0.008894,0.008894,4,13
Arthor-Karstark,,0,0,0.00038,1,7,0.240109,0.248643,0,0,0.001418,3,0.000311,0.000311,4,13
Mors-Umber,,0.166667,1,0.00083,4,6,0.311033,0.329602,0.000238,0,0.029971,17,0.007259,0.007259,4,13
Rickard-Karstark,,0.484848,32,0.001811,12,6,0.346556,0.372977,0.000916,0,0.165645,89,0.041517,0.041517,1,14
Aron-Santagar,,0,0,0.000299,1,7,0.276618,0.290683,0,0,0.016405,3,0.004299,0.004299,0,2
Arron,,1,3,0.000672,3,7,0.238238,0.250755,0,0,0.003787,14,0.000621,0.000621,10,9
Emrick,,1,3,0.000672,3,7,0.238238,0.250755,0,0,0.003787,12,0.000621,0.000621,10,9
Hareth-(Moles-Town),,0.309091,17,0.001987,11,6,0.3097,0.334675,0.002203,0,0.03456,60,0.00714,0.00714,10,9
Satin,,0.333333,26,0.002135,13,6,0.311887,0.338407,0.002941,0,0.048583,101,0.009982,0.009982,10,9
Arson,,0,0,0.00033,1,6,0.308259,0.327966,0,0,0.022657,3,0.005045,0.005045,10,9
Arstan,,0.5,14,0.001393,8,7,0.29057,0.312234,0.000124,0,0.032696,90,0.00695,0.00695,9,10
Illyrio-Mopatis,,0.469697,31,0.001813,12,6,0.346556,0.371488,0.001203,0,0.099843,138,0.023549,0.023549,9,10
Jhiqui,,0.590909,39,0.001835,12,7,0.283221,0.307245,0.000072,0,0.034986,183,0.006468,0.006468,9,10
Kraznys-mo-Nakloz,,1,1,0.000488,2,7,0.277293,0.295211,0,0,0.011931,19,0.002449,0.002449,9,10
Mero,,0.5,3,0.000944,4,7,0.281416,0.300222,0.002516,0,0.017385,24,0.003563,0.003563,9,10
Lewyn-Martell,,0.5,3,0.001087,4,7,0.255956,0.266742,0.001318,0,0.00511,12,0.001188,0.001188,2,1
Smiling-Knight,,0,0,0.000874,2,8,0.217332,0.225231,0.002516,0,0.000973,7,0.000189,0.000189,2,1
Arwyn-Oakheart,,0,0,0.000324,1,6,0.258201,0.268113,0,0,0.004462,3,0.001094,0.001094,4,4
Randyll-Tarly,,0.25641,20,0.002077,13,5,0.347921,0.373732,0.004473,0,0.125151,67,0.031257,0.031257,4,4
Bellegere-Otherys,,0,0,0.000325,1,7,0.301479,0.318775,0,0,0.024146,3,0.006041,0.006041,8,6
Benjen-Stark,,0.516484,47,0.002169,14,6,0.389706,0.420021,0.005675,0,0.230687,125,0.056308,0.056308,10,9
Biter,,0.6,6,0.000862,5,7,0.312132,0.333471,0.000094,0,0.051483,47,0.012855,0.012855,8,6
Brea,,0.666667,2,0.000791,3,7,0.301708,0.320033,0.000002,0,0.026085,15,0.006479,0.006479,8,6
Brusco,,1,1,0.000549,2,7,0.301593,0.319404,0,0,0.025158,16,0.006267,0.006267,8,6
Denyo-Terys,,1,1,0.000564,2,7,0.301593,0.319404,0,0,0.025113,11,0.00626,0.00626,8,6
Desmond,,1,1,0.000456,2,7,0.323171,0.341186,0,0,0.050648,7,0.012747,0.012747,2,6
Dobber,,0,0,0.000325,1,7,0.301479,0.318775,0,0,0.024146,4,0.006041,0.006041,8,6
Elmar-Frey,,0.861111,31,0.001325,9,6,0.341495,0.369686,0.000105,0,0.170334,45,0.043214,0.043214,1,14
Jaqen-Hghar,,0.6,9,0.000996,6,7,0.304598,0.325064,0.000028,0,0.044498,64,0.011011,0.011011,8,6
Jeyne-Poole,,0.333333,26,0.001966,13,6,0.348837,0.374277,0.001727,0,0.156391,112,0.039347,0.039347,3,13
Kindly-Man,,1,1,0.000564,2,7,0.301593,0.319404,0,0,0.025113,30,0.00626,0.00626,8,6
Koss,,1,1,0.000451,2,7,0.302052,0.319928,0,0,0.031198,8,0.007741,0.007741,8,6
Lommy-Greenhands,,0.8,12,0.001038,6,7,0.304481,0.324855,0.000011,0,0.041759,99,0.010249,0.010249,8,6
Mad-Huntsman,,0,0,0.000325,1,7,0.301479,0.318775,0,0,0.024146,4,0.006041,0.006041,8,6
Meralyn,,0,0,0.000325,1,7,0.301479,0.318775,0,0,0.024146,9,0.006041,0.006041,8,6
Mordane,,0.763636,42,0.001544,11,6,0.370457,0.398805,0.000477,0,0.237294,145,0.05986,0.05986,8,8
Mycah,,1,10,0.000791,5,7,0.334174,0.356616,0,0,0.123913,65,0.031751,0.031751,0,2
Pate-(Old),,0,0,0.000325,1,7,0.301479,0.318775,0,0,0.024146,4,0.006041,0.006041,8,6
Praed,,0,0,0.000325,1,7,0.301479,0.318775,0,0,0.024146,3,0.006041,0.006041,8,6
Ravella-Swann,,0,0,0.000325,1,7,0.301479,0.318775,0,0,0.024146,7,0.006041,0.006041,8,6
Rickon-Stark,,0.551471,75,0.002443,17,6,0.39124,0.423417,0.001981,0,0.257118,345,0.063339,0.063339,1,8
Rodrik-Cassel,,0.310345,135,0.004419,30,6,0.403144,0.440671,0.011062,0,0.376,253,0.093605,0.093605,1,8
Rorge,,0.388889,14,0.001449,9,7,0.326087,0.35106,0.000418,0,0.075219,77,0.01882,0.01882,8,6
Syrio-Forel,,0.5,3,0.000688,4,7,0.324357,0.343597,0.00001,0,0.069157,43,0.017463,0.017463,8,6
Talea,,1,1,0.000549,2,7,0.301593,0.319404,0,0,0.025158,8,0.006267,0.006267,8,6
Ternesio-Terys,,1,1,0.000564,2,7,0.301593,0.319404,0,0,0.025113,8,0.00626,0.00626,8,6
Thoros-of-Myr,,0.638889,23,0.001373,9,6,0.34018,0.363564,0.000503,0,0.120128,117,0.03045,0.03045,8,6
Tommen-Baratheon,,0.327652,173,0.004306,33,6,0.384615,0.424444,0.006251,0,0.458213,539,0.117162,0.117162,0,4
Umma,,0,0,0.000325,1,7,0.301479,0.318775,0,0,0.024146,6,0.006041,0.006041,8,6
Vayon-Poole,,1,10,0.000811,5,6,0.342083,0.363669,0,0,0.121223,28,0.030743,0.030743,2,8
Waif,,1,1,0.000564,2,7,0.301593,0.319404,0,0,0.025113,33,0.00626,0.00626,8,6
Weasel,,0.666667,4,0.000739,4,7,0.302052,0.321081,0.000005,0,0.030885,27,0.007651,0.007651,8,6
Weese,,0.5,14,0.001167,8,7,0.315226,0.337266,0.000107,0,0.084546,49,0.021756,0.021756,8,6
Woth,,1,10,0.000879,5,7,0.304364,0.324226,0,0,0.040619,18,0.009991,0.009991,8,6
Yorko-Terys,,0,0,0.000325,1,7,0.301479,0.318775,0,0,0.024146,6,0.006041,0.006041,8,6
Clayton-Suggs,,1,3,0.000651,3,6,0.312992,0.331237,0,0,0.032385,15,0.007737,0.007737,4,13
Galbart-Glover,,0.464286,13,0.001283,8,6,0.345202,0.367526,0.000946,0,0.110701,34,0.027741,0.027741,1,14
Godry-Farring,,0.52381,11,0.001262,7,6,0.333054,0.358407,0.00101,0,0.069793,29,0.016023,0.016023,4,13
Grimtongue,,0.5,3,0.001076,4,7,0.261084,0.274205,0.001271,0,0.00522,17,0.000989,0.000989,3,13
Hagen,,0.4,6,0.00155,6,7,0.261255,0.275463,0.0013,0,0.005773,21,0.001048,0.001048,3,13
Qarl-the-Maid,,1,3,0.000819,3,7,0.260741,0.272947,0,0,0.00451,16,0.000872,0.000872,3,13
Red-Oarsman,,0.333333,1,0.000993,3,7,0.261255,0.274205,0.005025,0,0.005365,12,0.001042,0.001042,3,13
Rodrik-Harlaw,,0.428571,9,0.001777,7,7,0.269127,0.286092,0.002132,0,0.008382,30,0.001437,0.001437,3,13
Rolfe-the-Dwarf,,0,0,0.000367,1,7,0.260314,0.271165,0,0,0.003823,3,0.000805,0.000805,3,13
Sybelle-Glover,,0,0,0.000586,2,7,0.260827,0.272737,0.000018,0,0.004688,6,0.00095,0.00095,3,13
Torgon-Greyiron,,0,0,0.000367,1,7,0.260314,0.271165,0,0,0.003823,3,0.000805,0.000805,3,13
Tristifer-Botley,,1,3,0.000819,3,7,0.260741,0.272947,0,0,0.00451,24,0.000872,0.000872,3,13
Tycho-Nestoris,,0.666667,2,0.00064,3,6,0.331942,0.355052,0.000534,0,0.052405,22,0.012222,0.012222,10,13
Wex-Pyke,,0.3,3,0.00119,5,7,0.301822,0.321584,0.002153,0,0.022849,32,0.005159,0.005159,3,13
Ashara-Dayne,,0,0,0.000326,1,8,0.255545,0.266444,0,0,0.005447,3,0.001403,0.001403,0,1
Aurane-Waters,,0.611111,22,0.001243,9,6,0.337436,0.359371,0.000078,0,0.123259,37,0.031642,0.031642,0,4
Harys-Swyft,,0.722222,26,0.001252,9,6,0.345803,0.369916,0.000083,0,0.142776,42,0.036592,0.036592,0,4
Loras-Tyrell,,0.473545,179,0.003541,28,6,0.382028,0.419623,0.001443,0,0.471866,329,0.121096,0.121096,0,4
Orton-Merryweather,,0.644444,29,0.001356,10,6,0.341202,0.364256,0.000081,0,0.144836,43,0.037217,0.037217,0,4
Paxter-Redwyne,,0.266667,4,0.000935,6,6,0.338875,0.360419,0.000773,0,0.091323,34,0.022909,0.022909,0,4
Porridge,,1,3,0.000664,3,7,0.268128,0.283115,0,0,0.01,14,0.00224,0.00224,4,7
Salladhor-Saan,,0.8,8,0.00093,5,6,0.314478,0.333857,0.00001,0,0.043162,74,0.010264,0.010264,4,7
Shireen-Baratheon,,0.384615,30,0.00213,13,6,0.341935,0.37086,0.003259,0,0.120162,68,0.029085,0.029085,4,7
Azor-Ahai,,0,0,0.000319,1,6,0.307901,0.324256,0,0,0.025924,6,0.006371,0.006371,4,7
Bael-the-Bard,,0,0,0.000343,1,7,0.238595,0.249401,0,0,0.002154,5,0.000385,0.000385,10,9
Ygritte,,0.346154,27,0.002363,13,6,0.313239,0.339727,0.002655,0,0.052556,165,0.011012,0.011012,10,9
Baelor-I-Targaryen,,1,3,0.000549,3,7,0.332219,0.354435,0,0,0.094833,14,0.024257,0.024257,0,3
Ballabar,,0.333333,1,0.000823,3,7,0.323829,0.342423,0.002516,0,0.040004,23,0.010065,0.010065,0,12
Frenken,,0,0,0.000422,1,8,0.244691,0.252775,0,0,0.001479,4,0.000352,0.000352,0,12
Podrick-Payne,,0.309091,17,0.001922,11,7,0.336864,0.36389,0.003391,0,0.139647,159,0.035716,0.035716,1,12
Balman-Byrch,,1,3,0.000577,3,7,0.314727,0.333199,0,0,0.043928,24,0.011313,0.011313,0,4
Falyse-Stokeworth,,0.666667,4,0.000709,4,7,0.315476,0.334666,0.000006,0,0.051362,34,0.01324,0.01324,0,4
Boros-Blount,,0.637363,58,0.001817,14,7,0.351459,0.381731,0.000228,0,0.245009,149,0.063085,0.063085,0,4
Mandon-Moore,,0.777778,28,0.001245,9,7,0.347162,0.374352,0.000023,0,0.206368,57,0.053102,0.053102,0,4
Osmund-Kettleblack,,0.470588,72,0.002347,18,7,0.347921,0.379572,0.000671,0,0.266522,218,0.068853,0.068853,0,4
Bannen,,1,1,0.000465,2,7,0.260912,0.278023,0,0,0.009664,16,0.001904,0.001904,10,9
Dywen,,0.714286,20,0.001339,8,6,0.315351,0.33956,0.000553,0,0.047742,55,0.0099,0.0099,10,9
Barbrey-Dustin,,0.666667,10,0.00108,6,6,0.325686,0.348239,0.000183,0,0.066964,37,0.016288,0.016288,3,13
Roger-Ryswell,,1,1,0.000496,2,7,0.297641,0.31431,0,0,0.017771,8,0.004156,0.004156,3,13
Ben-Plumm,,0.444444,16,0.001524,9,7,0.338298,0.362653,0.001077,0,0.071378,63,0.016716,0.016716,9,10
Bloodbeard,,0.666667,4,0.000801,4,7,0.290676,0.311689,0.000112,0,0.027594,14,0.006107,0.006107,9,10
Galazza-Galare,,0.733333,11,0.001084,6,7,0.290358,0.312108,0.000077,0,0.030469,57,0.006656,0.006656,9,10
Grazhar,,0.333333,1,0.000666,3,7,0.279634,0.294855,0.000038,0,0.015899,12,0.003765,0.003766,9,10
Groleo,,0.8,12,0.001024,6,7,0.290252,0.311899,0.000036,0,0.031386,34,0.006767,0.006767,9,10
Hizdahr-zo-Loraq,,0.25974,60,0.003721,22,7,0.294663,0.325903,0.005928,0,0.051456,292,0.010198,0.010198,9,10
Khrazz,,0.6,6,0.001013,5,7,0.280324,0.297161,0.000748,0,0.017959,28,0.004045,0.004045,9,10
Larraq,,0,0,0.000315,1,7,0.279045,0.292863,0,0,0.013913,3,0.003433,0.003433,9,10
Missandei,,0.777778,28,0.001419,9,7,0.296974,0.320473,0.000096,0,0.041977,121,0.008673,0.008673,9,10
Pycelle,,0.435897,153,0.003698,27,6,0.380383,0.416583,0.007406,0,0.435131,357,0.111323,0.111323,0,4
Reznak-mo-Reznak,,1,10,0.000896,5,7,0.290252,0.311479,0,0,0.02983,49,0.006528,0.006528,9,10
Skahaz-mo-Kandaq,,0.575758,38,0.001856,12,7,0.291209,0.316301,0.000059,0,0.042062,135,0.008564,0.008564,9,10
Steelskin,,1,3,0.000631,3,7,0.280028,0.295693,0,0,0.01699,9,0.003931,0.003931,9,10
Widower,,0,0,0.000315,1,7,0.279045,0.292863,0,0,0.013913,3,0.003433,0.003433,9,10
Xaro-Xhoan-Daxos,,0.666667,2,0.000696,3,7,0.289723,0.309593,0.000045,0,0.025011,42,0.005723,0.005723,9,10
Barsena,,0,0,0.00034,1,7,0.277197,0.294582,0,0,0.010548,4,0.002206,0.002206,9,10
Bartimus,,0,0,0.000345,1,7,0.260827,0.273932,0,0,0.006567,4,0.001533,0.001533,4,7
Bedwyck,,1,10,0.000863,5,7,0.26255,0.28274,0,0,0.018744,18,0.003532,0.003532,10,9
Craster,,0.333333,35,0.002525,15,6,0.318255,0.346646,0.003894,0,0.065224,193,0.013379,0.013379,10,9
Belaquo,,0.666667,4,0.000835,4,8,0.231374,0.246423,0.000013,0,0.005254,18,0.000766,0.000766,9,10
Goghor-the-Giant,,0.833333,5,0.000872,4,8,0.227924,0.242104,0.000001,0,0.004159,22,0.000622,0.000622,9,10
Irri,,0.485714,51,0.002254,15,7,0.284436,0.310599,0.000993,0,0.043432,220,0.008326,0.008326,9,10
Spotted-Cat,,0.4,6,0.001341,6,7,0.278264,0.298985,0.003356,0,0.014422,26,0.002757,0.002757,9,10
Oznak-zo-Pahl,,1,1,0.000474,2,7,0.277293,0.295211,0,0,0.012636,12,0.002569,0.002569,9,10
Ben-Bones,,1,1,0.00049,2,7,0.298423,0.315421,0,0,0.022298,9,0.005238,0.005238,3,13
Kasporio,,1,3,0.000642,3,7,0.324093,0.342423,0,0,0.039148,9,0.009728,0.009728,0,10
Penny,,0.52381,11,0.001256,7,7,0.33601,0.358817,0.000279,0,0.058223,92,0.013779,0.013779,0,10
Tybero-Istarion,,1,3,0.000642,3,7,0.324093,0.342423,0,0,0.039148,16,0.009728,0.009728,0,10
Benerro,,0.666667,4,0.000797,4,7,0.335726,0.35714,0.000037,0,0.049706,18,0.011925,0.011925,0,13
Moqorro,,0.5,5,0.001114,5,7,0.341202,0.363597,0.00241,0,0.049733,39,0.011781,0.011781,3,13
Benethon-Scales,,1,1,0.000499,2,7,0.255135,0.267739,0,0,0.005715,7,0.00121,0.00121,4,7
Narbert-Grandison,,0.533333,8,0.001221,6,6,0.310547,0.333166,0.000812,0,0.030193,24,0.006565,0.006565,4,7
Benfred-Tallhart,,0.166667,1,0.000914,4,7,0.298872,0.31714,0.000367,0,0.017605,16,0.004063,0.004063,3,13
Helman-Tallhart,,0.166667,1,0.000768,4,6,0.296089,0.312013,0.000136,0,0.023414,13,0.005953,0.005953,4,13
Leobald-Tallhart,,0.333333,1,0.000659,3,7,0.288462,0.302863,0.000021,0,0.015759,11,0.003837,0.003837,1,13
Stygg,,0.666667,2,0.000777,3,7,0.297976,0.315358,0.000004,0,0.016755,10,0.003858,0.003858,3,13
Jaremy-Rykker,,0.5,5,0.001068,5,6,0.312009,0.333878,0.002519,0,0.039849,30,0.008861,0.008861,10,9
Luwin,,0.359307,83,0.003184,22,6,0.383133,0.416918,0.003151,0,0.243835,376,0.059691,0.059691,1,8
Waymar-Royce,,0.333333,1,0.000841,3,7,0.280919,0.293387,0.001594,0,0.008697,34,0.002029,0.002029,7,9
Jack-Bulwer,,0.4,4,0.000971,5,6,0.311642,0.334172,0.000153,0,0.038044,19,0.00885,0.00885,8,9
Mariya-Darry,,1,1,0.000438,2,7,0.312623,0.330746,0,0,0.039997,11,0.010271,0.010271,1,6
Beth-Cassel,,1,3,0.000601,3,6,0.312009,0.330901,0,0,0.045961,11,0.011149,0.011149,1,8
Big-Boil,,1,1,0.000485,2,6,0.308498,0.328805,0,0,0.024811,6,0.005431,0.005431,10,9
Black-Balaq,,0,0,0.000428,1,8,0.206547,0.212507,0,0,0.000431,3,0.000072,0.000072,0,3
Blane,,0,0,0.00032,1,6,0.270869,0.283585,0,0,0.00695,3,0.00148,0.00148,10,9
Blue-Bard,,0.6,6,0.000862,5,7,0.314353,0.333827,0.000908,0,0.054159,23,0.013959,0.013959,0,4
Lambert-Turnberry,,0.666667,2,0.000627,3,8,0.239891,0.250112,0.000001,0,0.005566,9,0.001382,0.001382,0,4
Qyburn,,0.300654,46,0.00252,18,6,0.35349,0.383459,0.001701,0,0.22206,127,0.056994,0.056994,0,4
Tallad,,0.466667,7,0.001034,6,7,0.313857,0.333618,0.000845,0,0.050024,19,0.012855,0.012855,0,4
Bonifer-Hasty,,0,0,0.000319,1,7,0.311398,0.328733,0,0,0.030904,4,0.007921,0.007921,1,14
Tanda-Stokeworth,,0.761905,16,0.001025,7,7,0.332775,0.356951,0.000023,0,0.120808,48,0.031013,0.031013,0,3
Cellador,,0.666667,4,0.000722,4,6,0.308618,0.329853,0.000002,0,0.032296,22,0.00698,0.00698,10,9
Othell-Yarwyck,,0.509091,28,0.001642,11,6,0.314353,0.339392,0.000073,0,0.063546,81,0.013664,0.013664,10,9
Tormund,,0.27619,29,0.00271,15,6,0.312009,0.339665,0.00515,0,0.054631,180,0.011302,0.011302,10,9
Wick-Whittlestick,,1,1,0.000455,2,6,0.308379,0.328595,0,0,0.027209,10,0.005967,0.005967,10,9
Brynden-Rivers,,1,1,0.000457,2,6,0.295539,0.310566,0,0,0.019683,17,0.004748,0.004748,1,8
Chayle,,1,1,0.000489,2,6,0.295429,0.310356,0,0,0.018936,7,0.0046,0.0046,1,8
Cley-Cerwyn,,1,3,0.000597,3,6,0.299887,0.316038,0,0,0.032489,12,0.007982,0.007982,1,13
Coldhands,,0.666667,4,0.000719,4,6,0.297864,0.314759,0.000016,0,0.025759,20,0.006031,0.006031,1,8
Donella-Hornwood,,0.380952,8,0.001247,7,6,0.305065,0.324235,0.000224,0,0.049322,28,0.011972,0.011972,1,13
Hali,,0,0,0.00032,1,6,0.295319,0.309727,0,0,0.017489,3,0.004288,0.004288,1,8
Hallis-Mollen,,0.8,12,0.001024,6,6,0.325953,0.349581,0.000118,0,0.092327,46,0.022694,0.022694,1,14
Hodor,,0.563636,31,0.001659,11,6,0.314976,0.338386,0.000213,0,0.090728,383,0.022029,0.022029,1,8
Howland-Reed,,1,1,0.000452,2,6,0.320565,0.336771,0,0,0.04399,6,0.010995,0.010995,2,8
Hullen,,0.666667,10,0.000944,6,6,0.315226,0.336205,0.000046,0,0.079104,20,0.019599,0.019599,1,8
Jon-Umber-(Greatjon),,0.362637,33,0.002212,14,6,0.335726,0.363648,0.001361,0,0.140464,102,0.034921,0.034921,1,14
Joseth,,1,1,0.000443,2,6,0.295429,0.310356,0,0,0.026144,7,0.006377,0.006377,1,8
Leaf,,1,1,0.000457,2,6,0.295539,0.310566,0,0,0.019683,11,0.004748,0.004748,1,8
Meera-Reed,,0.436364,24,0.001768,11,6,0.305534,0.328365,0.000301,0,0.056904,291,0.01315,0.01315,1,8
Osha,,0.694444,25,0.001413,9,6,0.321993,0.345325,0.00022,0,0.083987,117,0.020247,0.020247,1,8
Poxy-Tym,,0,0,0.00032,1,6,0.295319,0.309727,0,0,0.017489,3,0.004288,0.004288,1,8
Reek,,1,1,0.000466,2,6,0.299887,0.315786,0,0,0.024469,7,0.00594,0.00594,3,13
Rickard-Stark,,0,0,0.000457,2,6,0.296531,0.311614,0.000006,0,0.021698,7,0.005356,0.005356,1,1
Stafford-Lannister,,0.833333,5,0.000704,4,6,0.331388,0.354549,0.000049,0,0.097082,14,0.024424,0.024424,1,8
Stiv,,1,1,0.000448,2,6,0.311276,0.328742,0,0,0.041789,7,0.010348,0.010348,1,8
Walder-Frey-(son-of-Jammos),,1,3,0.000621,3,6,0.311276,0.329644,0,0,0.035486,26,0.008489,0.008489,1,13
Walder-Frey-(son-of-Merrett),,0.571429,16,0.00137,8,6,0.313486,0.335157,0.000137,0,0.072974,52,0.017584,0.017584,1,13
Brandon-Norrey,,0,0,0.000768,2,6,0.308498,0.328805,0.002516,0,0.02279,6,0.005052,0.005052,10,9
Torghen-Flint,,0,0,0.000515,1,7,0.235835,0.244927,0,0,0.000935,3,0.000177,0.000177,10,9
Lyanna-Stark,,0.8,8,0.000815,5,6,0.333613,0.351426,0.000012,0,0.093472,40,0.02379,0.02379,2,1
Brella,,1,1,0.00043,2,7,0.302857,0.32041,0,0,0.034536,12,0.008926,0.008926,0,3
Shae,,0.435897,34,0.001924,13,6,0.350838,0.377589,0.000826,0,0.193034,147,0.049232,0.049232,0,3
Brenett,,0,0,0.000315,1,7,0.302511,0.31909,0,0,0.024389,3,0.006155,0.006155,1,14
Clarence-Crabb,,0,0,0.000322,1,7,0.277778,0.292989,0,0,0.015866,4,0.00407,0.00407,1,12
Cleos-Frey,,0.952381,20,0.001083,7,6,0.357947,0.38566,0.00002,0,0.188948,86,0.047966,0.047966,1,12
Creighton-Longbough,,0.333333,1,0.000782,3,7,0.278069,0.294456,0.000026,0,0.01771,27,0.004501,0.004501,1,12
Dick-Crabb,,0.4,4,0.001034,5,7,0.320953,0.342612,0.002557,0,0.069563,39,0.017831,0.017831,1,12
Dontos-Hollard,,0.5,18,0.001328,9,6,0.352237,0.377505,0.000468,0,0.163488,103,0.041663,0.041663,0,11
Edmure-Tully,,0.297101,82,0.003388,24,6,0.351304,0.384822,0.003461,0,0.257621,291,0.065629,0.065629,1,14
Elder-Brother,,1,3,0.000685,3,7,0.277972,0.294247,0,0,0.01758,11,0.004453,0.004453,1,12
Emmon-Cuy,,0.666667,2,0.000623,3,7,0.29057,0.308628,0.000017,0,0.03512,14,0.009007,0.009007,1,12
Hyle-Hunt,,0.52381,11,0.001128,7,6,0.326221,0.349916,0.000286,0,0.094843,59,0.024297,0.024297,1,12
Illifer,,1,1,0.000543,2,7,0.277972,0.293827,0,0,0.016582,23,0.004227,0.004227,1,12
Jeyne-Heddle,,0,0,0.000322,1,7,0.277778,0.292989,0,0,0.015866,4,0.00407,0.00407,1,12
Lysa-Arryn,,0.373188,103,0.003349,24,6,0.377493,0.413375,0.006065,0,0.347507,341,0.088363,0.088363,0,11
Meribald,,0.6,6,0.000995,5,7,0.279241,0.297077,0.000017,0,0.025508,47,0.006482,0.006482,1,12
Narbert,,1,3,0.000685,3,7,0.277972,0.294247,0,0,0.01758,14,0.004453,0.004453,1,12
Pyg,,0.666667,4,0.000761,4,7,0.281117,0.298607,0.000003,0,0.023395,22,0.005939,0.005939,1,6
Robar-Royce,,0.666667,2,0.000625,3,7,0.307425,0.326867,0.00005,0,0.041543,13,0.01054,0.01054,1,12
Selwyn-Tarth,,0,0,0.000322,1,7,0.277778,0.292989,0,0,0.015866,4,0.00407,0.00407,1,12
Shagwell,,0.466667,7,0.001065,6,7,0.315601,0.337245,0.0002,0,0.053217,34,0.013528,0.013528,1,6
Timeon,,0.666667,4,0.000745,4,7,0.289934,0.308964,0.000029,0,0.035141,22,0.00905,0.00905,1,6
Vyman,,0.666667,2,0.000574,3,7,0.307425,0.326867,0.000006,0,0.045251,23,0.01149,0.01149,1,14
Walton,,0.6,6,0.000995,5,7,0.318127,0.339823,0.002516,0,0.067159,34,0.017162,0.017162,1,14
Willow-Heddle,,1,1,0.000459,2,7,0.283827,0.301542,0,0,0.021538,8,0.005471,0.005471,1,6
Chiggen,,1,3,0.000575,3,7,0.323302,0.341689,0,0,0.048222,16,0.012194,0.012194,0,3
Jacelyn-Bywater,,0.722222,26,0.00123,9,6,0.338298,0.361509,0.000015,0,0.166741,55,0.042783,0.042783,0,0
Lollys-Stokeworth,,0.571429,12,0.001071,7,7,0.32502,0.345882,0.000012,0,0.083063,51,0.02123,0.02123,0,3
Marillion,,0.694444,25,0.001317,9,7,0.339453,0.366238,0.000084,0,0.15214,64,0.038732,0.038732,0,3
Shagga,,0.238095,5,0.001617,7,7,0.32542,0.346259,0.005058,0,0.063993,70,0.016244,0.016244,0,3
Timett,,0.833333,5,0.000746,4,7,0.323961,0.343052,0.000004,0,0.064911,29,0.016513,0.016513,0,3
Vardis-Egen,,0.533333,8,0.00099,6,7,0.331388,0.354331,0.000179,0,0.084941,37,0.021503,0.021503,0,11
Willis-Wode,,0.8,12,0.000976,6,7,0.333473,0.356595,0.000043,0,0.089625,28,0.022615,0.022615,0,3
Brus-Buckler,,1,3,0.000676,3,7,0.255217,0.268368,0,0,0.006891,15,0.001431,0.001431,4,7
Malegorn,,0.833333,5,0.000832,4,6,0.310304,0.331908,0.000351,0,0.028746,19,0.006305,0.006305,4,7
Bryce-Caron,,0.4,4,0.001168,5,6,0.315476,0.333774,0.005175,0,0.04837,21,0.012066,0.012066,4,7
Eldon-Estermont,,0,0,0.000857,2,7,0.240036,0.248631,0.002516,0,0.001883,6,0.000423,0.000423,4,7
Guyard-Morrigen,,1,1,0.000511,2,7,0.285151,0.299949,0,0,0.019511,12,0.004991,0.004991,4,7
Daven-Lannister,,1,3,0.000581,3,7,0.311887,0.33041,0,0,0.042028,18,0.010719,0.010719,1,14
Edwyn-Frey,,0.833333,5,0.000722,4,7,0.312377,0.331668,0.000001,0,0.04583,25,0.01165,0.01165,1,14
Emmon-Frey,,0.5,14,0.00133,8,7,0.316229,0.338503,0.000464,0,0.078109,44,0.019945,0.019945,1,14
Hoster-Tully,,0.555556,25,0.001475,10,6,0.344007,0.367086,0.000348,0,0.142843,90,0.036162,0.036162,1,14
Nestor-Royce,,0.714286,15,0.00107,7,7,0.319405,0.342989,0.000077,0,0.101307,58,0.025905,0.025905,0,11
Ryman-Frey,,0.363636,24,0.001904,12,6,0.330012,0.356017,0.001021,0,0.120045,64,0.030268,0.030268,1,14
Bump,,0,0,0.000431,1,7,0.236889,0.246634,0,0,0.001356,5,0.000251,0.000251,10,9
Varamyr,,0.2,3,0.001709,6,6,0.310304,0.332956,0.007538,0,0.03309,39,0.00716,0.00716,10,9
Butterbumps,,1,1,0.000427,2,7,0.302396,0.319572,0,0,0.034577,10,0.008971,0.008971,0,4
Olenna-Redwyne,,0.805556,29,0.001304,9,7,0.345052,0.372486,0.000293,0,0.196215,55,0.050505,0.050505,0,4
Byam-Flint,,0,0,0.000332,1,7,0.241495,0.252848,0,0,0.002662,3,0.000468,0.000468,10,9
Caggo,,0.6,6,0.001239,5,8,0.230101,0.245752,0.002516,0,0.005245,24,0.000809,0.000809,9,10
Lucifer-Long,,0,0,0.000399,1,9,0.187103,0.194912,0,0,0.000365,3,0.000028,0.000028,9,10
Meris,,0.6,9,0.001393,6,7,0.27993,0.301144,0.003066,0,0.015409,43,0.002943,0.002943,9,10
Camarron,,0,0,0.000378,1,8,0.217749,0.227001,0,0,0.000724,3,0.000096,0.000096,9,10
Captain-Myraham,,0,0,0.000344,1,7,0.29753,0.313681,0,0,0.015317,4,0.003586,0.003586,3,13
Captain-Myraham-Daughter,,0,0,0.000344,1,7,0.29753,0.313681,0,0,0.015317,3,0.003586,0.003586,3,13
Colemon,,0.466667,7,0.001021,6,7,0.312746,0.332968,0.000115,0,0.056739,30,0.014396,0.014396,0,11
Colen-of-Greenpools,,1,1,0.000439,2,7,0.311642,0.328691,0,0,0.042124,9,0.010723,0.010723,1,14
Dacey-Mormont,,1,3,0.000591,3,6,0.312746,0.331111,0,0,0.050904,11,0.012752,0.012752,1,14
Desmond-Grell,,0.833333,5,0.000732,4,6,0.313609,0.332893,0.000003,0,0.059488,30,0.014958,0.014958,1,14
Donnel-Waynwood,,0,0,0.000315,1,7,0.302511,0.31909,0,0,0.024389,3,0.006155,0.006155,1,14
Eon-Hunter,,1,3,0.000574,3,7,0.303088,0.320872,0,0,0.039408,9,0.009999,0.009999,0,11
Jason-Mallister,,0.666667,2,0.000631,3,7,0.313981,0.33475,0.000065,0,0.042108,12,0.010337,0.010337,1,13
Jeyne-Westerling,,0.6,6,0.000917,5,6,0.313981,0.33369,0.001015,0,0.059979,49,0.015014,0.015014,1,7
Lothar-Frey,,0.418182,23,0.001692,11,6,0.316607,0.340398,0.000278,0,0.095081,50,0.023905,0.023905,1,14
Maege-Mormont,,0.8,8,0.000872,5,6,0.313362,0.332893,0.000004,0,0.061342,27,0.015336,0.015336,1,14
Marq-Piper,,0.607143,17,0.001212,8,6,0.336722,0.358721,0.000178,0,0.127201,32,0.032354,0.032354,1,14
Masha-Heddle,,0,0,0.000315,1,7,0.302511,0.31909,0,0,0.024389,5,0.006155,0.006155,1,14
Mathis-Rowan,,0.428571,12,0.001353,8,6,0.334737,0.356331,0.002588,0,0.099756,35,0.025172,0.025172,4,4
Moreo-Tumitis,,0,0,0.000315,1,7,0.302511,0.31909,0,0,0.024389,3,0.006155,0.006155,1,14
Mya-Stone,,0.4,4,0.000918,5,7,0.306122,0.325274,0.000109,0,0.035115,34,0.008824,0.008824,0,11
Mychel-Redfort,,0,0,0.000315,1,7,0.302511,0.31909,0,0,0.024389,3,0.006155,0.006155,1,14
Raynald-Westerling,,0.666667,2,0.000656,3,6,0.312746,0.331111,0.000032,0,0.049682,16,0.012443,0.012443,1,14
Robert-Arryn,,0.242105,46,0.003244,20,7,0.340909,0.372947,0.011219,0,0.164351,151,0.041726,0.041726,0,11
Robin-Ryger,,1,1,0.000445,2,7,0.319277,0.340012,0,0,0.055293,12,0.014075,0.014075,1,14
Roslin-Frey,,1,10,0.00082,5,6,0.314602,0.334633,0,0,0.06867,43,0.017271,0.017271,1,14
Tansy,,0.466667,7,0.000949,6,7,0.306595,0.327287,0.00019,0,0.056131,25,0.014184,0.014184,1,6
Tytos-Blackwood,,0.5,5,0.000948,5,7,0.319791,0.342108,0.000105,0,0.067052,19,0.017032,0.017032,1,14
Utherydes-Wayn,,1,3,0.000598,3,6,0.312746,0.331111,0,0,0.050828,15,0.012739,0.012739,1,14
Wendel-Manderly,,0.380952,8,0.001411,7,6,0.313486,0.334046,0.00258,0,0.059369,28,0.014753,0.014753,1,14
Cayn,,0.666667,2,0.00058,3,7,0.319021,0.334687,0.000007,0,0.048253,16,0.012301,0.012301,2,12
Cedric-Payne,,0,0,0.000337,1,8,0.252061,0.262838,0,0,0.004877,3,0.00125,0.00125,1,12
Dorcas,,0.733333,11,0.000906,6,7,0.314353,0.334247,0.000005,0,0.064276,41,0.016599,0.016599,0,4
Garlan-Tyrell,,0.666667,14,0.001169,7,7,0.33601,0.360054,0.002519,0,0.145244,44,0.037355,0.037355,0,4
Garth-Tyrell,,0,0,0.000306,1,7,0.312623,0.329425,0,0,0.032011,3,0.008251,0.008251,0,4
High-Septon-(Tyrions),,1,6,0.000659,4,7,0.332915,0.354289,0,0,0.110887,24,0.028451,0.028451,0,4
High-Sparrow,,0.535714,15,0.001207,8,7,0.315476,0.336763,0.000038,0,0.084891,76,0.021973,0.021973,0,4
Jocelyn-Swyft,,0.7,7,0.00078,5,7,0.313857,0.332989,0.000002,0,0.057192,31,0.014796,0.014796,0,4
Maegor-I-Targaryen,,0.466667,7,0.00106,6,7,0.320048,0.341878,0.00253,0,0.096353,22,0.024896,0.024896,0,4
Maggy,,1,1,0.000517,2,7,0.312869,0.330264,0,0,0.034305,8,0.008828,0.008828,0,14
Mark-Mullendore,,0,0,0.000306,1,7,0.312623,0.329425,0,0,0.032011,3,0.008251,0.008251,0,4
Melara-Hetherspoon,,0.333333,2,0.000995,4,7,0.326757,0.347811,0.002587,0,0.064348,15,0.0165,0.0165,0,14
Moelle,,1,3,0.000667,3,7,0.312869,0.330683,0,0,0.034686,26,0.008899,0.008899,0,4
Moon-Boy,,0.5,3,0.00066,4,7,0.313486,0.33215,0.000009,0,0.05461,36,0.014161,0.014161,0,11
Osfryd-Kettleblack,,1,3,0.000536,3,7,0.313115,0.331102,0,0,0.045306,25,0.01172,0.01172,0,4
Preston-Greenfield,,1,1,0.000433,2,7,0.329056,0.349404,0,0,0.066988,6,0.017054,0.017054,0,3
Raynard,,0,0,0.000729,2,7,0.312869,0.330264,0.002516,0,0.032149,7,0.008261,0.008261,0,4
Robert-Strong,,0.5,3,0.000674,4,6,0.317619,0.336017,0.000031,0,0.055951,14,0.014398,0.014398,0,4
Scolera,,1,3,0.000667,3,7,0.312869,0.330683,0,0,0.034686,27,0.008899,0.008899,0,4
Senelle,,1,1,0.000419,2,7,0.313239,0.330892,0,0,0.044326,12,0.011466,0.011466,0,4
Taena-of-Myr,,0.515152,34,0.001645,12,6,0.347313,0.374256,0.000492,0,0.174281,105,0.044602,0.044602,0,4
Unella,,0.666667,4,0.000812,4,7,0.312992,0.331312,0.000003,0,0.037571,43,0.009642,0.009642,0,4
Vylarr,,1,1,0.000433,2,7,0.329056,0.349404,0,0,0.066988,9,0.017054,0.017054,0,4
Willas-Tyrell,,0.75,21,0.001151,8,7,0.333753,0.358628,0.000017,0,0.145712,37,0.037533,0.037533,0,4
Chataya,,0,0,0.000316,1,7,0.322777,0.340012,0,0,0.034977,10,0.008803,0.008803,0,3
Chella,,1,3,0.000554,3,7,0.323434,0.341794,0,0,0.059217,16,0.015068,0.015068,0,3
Lark,,0.6,9,0.001191,6,6,0.314976,0.338092,0.002589,0,0.040479,30,0.008618,0.008618,10,9
Small-Paul,,0.6,9,0.001029,6,6,0.283422,0.302516,0.000012,0,0.023851,44,0.004714,0.004714,10,9
Clement-Piper,,1,1,0.000483,2,7,0.311642,0.329572,0,0,0.032563,7,0.008328,0.008328,1,14
Karyl-Vance,,0.5,3,0.000772,4,7,0.3125,0.331878,0.000021,0,0.045504,15,0.011641,0.011641,1,14
Cleon,,0.666667,2,0.000733,3,7,0.279241,0.298524,0.000019,0,0.013223,21,0.002645,0.002645,9,10
Ghael,,1,1,0.000548,2,7,0.277293,0.295211,0,0,0.011183,13,0.002299,0.002299,9,10
Kedry,,1,1,0.000531,2,8,0.22957,0.242922,0,0,0.002854,6,0.000458,0.000458,9,10
Clubfoot-Karl,,1,1,0.000466,2,7,0.261427,0.278967,0,0,0.010388,9,0.002026,0.002026,10,9
Mully,,0.472222,17,0.001494,9,6,0.3097,0.333836,0.000037,0,0.040199,46,0.008357,0.008357,10,9
Cohollo,,1,6,0.000784,4,7,0.277875,0.297203,0,0,0.015273,29,0.002992,0.002992,9,10
Haggo,,0.733333,11,0.001079,6,7,0.278069,0.298461,0.000003,0,0.017557,45,0.003331,0.003331,9,10
Qotho,,0.666667,14,0.001227,7,7,0.282015,0.302633,0.00003,0,0.022156,68,0.004328,0.004328,9,10
Gretchel,,0.833333,5,0.000739,4,7,0.304015,0.322884,0.000012,0,0.037154,21,0.00951,0.00951,0,11
Maddy,,0.6,6,0.0009,5,7,0.304132,0.323513,0.000037,0,0.038431,28,0.009809,0.009809,0,11
Conn,,0.333333,1,0.000886,3,7,0.323434,0.341899,0.002516,0,0.037437,20,0.009383,0.009383,0,3
Coratt,,0,0,0.00044,1,8,0.244465,0.252502,0,0,0.001396,5,0.000328,0.000328,0,3
Corliss-Penny,,0,0,0.000319,1,6,0.307901,0.324256,0,0,0.025924,3,0.006371,0.006371,4,7
Dirk,,1,1,0.000466,2,7,0.261427,0.278967,0,0,0.010388,10,0.002026,0.002026,10,9
Thoren-Smallwood,,0.416667,15,0.001693,9,6,0.314229,0.338658,0.002561,0,0.047786,56,0.010124,0.010124,10,9
Shadrich,,0,0,0.00054,2,7,0.311765,0.329781,0.000133,0,0.03162,7,0.008078,0.008078,1,12
Cressen,,0.555556,20,0.001427,9,6,0.337723,0.358281,0.000353,0,0.095598,84,0.023438,0.023438,4,7
Patchface,,1,6,0.00073,4,6,0.309459,0.328029,0,0,0.038195,23,0.00919,0.00919,4,7
Pylos,,0.733333,11,0.001054,6,6,0.310183,0.330126,0.000004,0,0.045674,77,0.010986,0.010986,4,7
Cromm,,1,1,0.000637,2,8,0.207247,0.214437,0,0,0.000728,8,0.000071,0.000071,3,13
Cutjack,,0,0,0.001248,3,7,0.255135,0.266951,0.005028,0,0.005898,10,0.001405,0.001405,8,6
Kurz,,0,0,0.000542,1,8,0.203325,0.20922,0,0,0.000327,4,0.000049,0.000049,8,6
Tarber,,0,0,0.000542,1,8,0.203325,0.20922,0,0,0.000327,3,0.000049,0.000049,8,6
Hero,,1,6,0.000751,4,7,0.277681,0.296888,0,0,0.016216,24,0.003161,0.003161,9,10
Prendahl-na-Ghezn,,1,1,0.000563,2,8,0.230168,0.242335,0,0,0.002653,9,0.000406,0.000406,9,10
Sallor,,1,1,0.000563,2,8,0.230168,0.242335,0,0,0.002653,9,0.000406,0.000406,9,10
Daemon-Sand,,1,1,0.000432,2,7,0.274043,0.28732,0,0,0.016296,6,0.004128,0.004128,6,1
Doreah,,0.933333,14,0.000993,6,7,0.282717,0.303261,0.000002,0,0.026835,54,0.005408,0.005408,9,10
Eroeh,,0,0,0.00034,1,7,0.277197,0.294582,0,0,0.010548,8,0.002206,0.002206,9,10
Ezzara,,0,0,0.00034,1,7,0.277197,0.294582,0,0,0.010548,3,0.002206,0.002206,9,10
Lynesse-Hightower,,0,0,0.00034,1,7,0.277197,0.294582,0,0,0.010548,3,0.002206,0.002206,9,10
Lysono-Maar,,0,0,0.00034,1,7,0.277197,0.294582,0,0,0.010548,3,0.002206,0.002206,9,10
Marselen,,1,1,0.000592,2,7,0.277293,0.295211,0,0,0.011082,7,0.002286,0.002286,9,10
Mezzara,,1,1,0.000538,2,7,0.27739,0.295421,0,0,0.011262,7,0.002306,0.002306,9,10
Miklaz,,0.333333,1,0.00092,3,7,0.277584,0.296259,0.002516,0,0.011383,10,0.002309,0.002309,9,10
Mirri-Maz-Duur,,0.8,12,0.00104,6,7,0.281915,0.302004,0.00001,0,0.02252,66,0.004428,0.004428,9,10
Pono,,0.5,3,0.000747,4,7,0.282215,0.301794,0.000048,0,0.021009,14,0.004337,0.004337,9,10
Pyat-Pree,,1,1,0.000537,2,7,0.277293,0.295211,0,0,0.011567,24,0.002406,0.002406,9,10
Qavo-Nogarys,,0.666667,2,0.000608,3,7,0.335443,0.356301,0.000029,0,0.047802,16,0.011513,0.011513,0,3
Qezza,,0.3,3,0.001162,5,7,0.278264,0.298565,0.000106,0,0.014614,21,0.002856,0.002856,9,10
Quaithe,,0,0,0.00034,1,7,0.277197,0.294582,0,0,0.010548,11,0.002206,0.002206,9,10
Rhaegel-Targaryen,,0,0,0.00034,1,7,0.277197,0.294582,0,0,0.010548,5,0.002206,0.002206,9,10
Symon-Stripeback,,1,1,0.000592,2,7,0.277293,0.295211,0,0,0.011082,8,0.002286,0.002286,9,10
Yurkhaz-zo-Yunzak,,0,0,0.00034,1,7,0.277197,0.294582,0,0,0.010548,4,0.002206,0.002206,9,10
Daeron-I-Targaryen,,0,0,0.000328,1,7,0.254889,0.266187,0,0,0.004363,3,0.001018,0.001018,4,7
Dalbridge,,1,3,0.000653,3,6,0.308618,0.329434,0,0,0.026458,13,0.005743,0.005743,10,9
Ebben,,0.833333,5,0.000833,4,6,0.308738,0.330063,0.000001,0,0.027585,26,0.00595,0.00595,10,9
Dalla,,0.8,12,0.000987,6,6,0.328106,0.353103,0.000035,0,0.069795,51,0.015986,0.015986,10,9
Val,,0.472222,17,0.001419,9,6,0.347465,0.370755,0.000812,0,0.099187,125,0.023277,0.023277,10,9
Damon-Dance-for-Me,,0.8,8,0.001068,5,7,0.298872,0.317517,0.000009,0,0.025136,26,0.005784,0.005784,3,13
Grunt,,1,3,0.000704,3,7,0.297753,0.314939,0,0,0.017432,13,0.003997,0.003997,3,13
Skinner,,0.6,6,0.001181,5,7,0.298872,0.317517,0.002516,0,0.02455,25,0.005656,0.005656,3,13
Sour-Alyn,,0.666667,10,0.001261,6,7,0.298985,0.318146,0.000014,0,0.026039,34,0.005969,0.005969,3,13
Danwell-Frey,,0.333333,1,0.000763,3,7,0.265709,0.278649,0.001047,0,0.008197,9,0.001993,0.001993,4,7
Jared-Frey,,0.333333,1,0.000856,3,8,0.219613,0.228315,0.000006,0,0.001133,9,0.000182,0.000182,4,7
Lanna-(Happy-Port),,0,0,0.000354,1,7,0.24613,0.257469,0,0,0.002416,4,0.000504,0.000504,10,9
Daryn-Hornwood,,1,1,0.000508,2,7,0.313362,0.327916,0,0,0.02837,6,0.007162,0.007162,2,12
Torrhen-Karstark,,0.666667,2,0.000664,3,6,0.32502,0.341384,0.000052,0,0.051862,11,0.013018,0.013018,2,12
Devan-Seaworth,,0.666667,10,0.001022,6,6,0.334596,0.358952,0.000328,0,0.08112,55,0.019362,0.019362,4,7
Garth-(Wolfs-Den),,1,1,0.000513,2,7,0.264823,0.279194,0,0,0.009046,7,0.002127,0.002127,4,7
Godric-Borrell,,0,0,0.000345,1,7,0.260827,0.273932,0,0,0.006567,9,0.001533,0.001533,4,7
Guncer-Sunglass,,1,1,0.000476,2,6,0.274991,0.291006,0,0,0.013073,7,0.002992,0.002992,4,7
Imry-Florent,,0,0,0.000345,1,7,0.260827,0.273932,0,0,0.006567,3,0.001533,0.001533,4,7
Khorane-Sathmantes,,1,3,0.000634,3,6,0.3097,0.328029,0,0,0.034136,11,0.008263,0.008263,4,7
Leona-Woolfield,,1,1,0.000491,2,7,0.269949,0.285169,0,0,0.012297,7,0.002898,0.002898,4,7
Marlon-Manderly,,1,1,0.000476,2,6,0.309579,0.3274,0,0,0.032491,8,0.007904,0.007904,4,7
Matthos-Seaworth,,0,0,0.000345,1,7,0.260827,0.273932,0,0,0.006567,3,0.001533,0.001533,4,7
Robett-Glover,,0.190476,4,0.001178,7,6,0.316229,0.337631,0.0005,0,0.048809,24,0.011914,0.011914,4,6
Sybell-Spicer,,0.333333,5,0.001184,6,6,0.330012,0.353438,0.002362,0,0.0682,19,0.016993,0.016993,4,7
Denzo-Dhan,,0,0,0.000386,1,8,0.218767,0.228217,0,0,0.000764,3,0.000103,0.000103,9,10
Eustace-Brune,,0,0,0.000364,1,8,0.243045,0.252284,0,0,0.002471,3,0.000624,0.000624,1,12
Dick-Follard,,1,1,0.00047,2,6,0.308618,0.329015,0,0,0.024684,8,0.005395,0.005395,10,9
Dick-Straw,,0,0,0.000844,2,8,0.219069,0.229579,0.002516,0,0.000949,7,0.000111,0.000111,9,10
Hugh-Hungerford,,0,0,0.000547,1,9,0.179742,0.185525,0,0,0.000152,3,0.000004,0.000004,9,10
Dolf,,0,0,0.000385,1,8,0.245598,0.254305,0,0,0.002313,10,0.000568,0.000568,0,3
Mag-Mar-Tun-Doh-Weg,,1,1,0.000471,2,6,0.308379,0.328595,0,0,0.025608,9,0.005658,0.005658,10,9
Lothor-Brune,,0.6,6,0.000841,5,7,0.306005,0.326343,0.000045,0,0.061367,30,0.015783,0.015783,0,11
Nymeria-Sand,,0.666667,4,0.000775,4,7,0.265709,0.279605,0.000018,0,0.0099,40,0.002285,0.002285,6,1
Draqaz,,0,0,0.000449,1,8,0.217332,0.225952,0,0,0.00056,3,0.000081,0.000081,9,10
Drennan,,1,1,0.000572,2,7,0.297641,0.31431,0,0,0.016042,6,0.003721,0.003721,3,13
Squint,,0.666667,2,0.000805,3,7,0.298311,0.315882,0.000007,0,0.016861,9,0.003861,0.003861,3,13
Jommo,,1,1,0.000611,2,7,0.249294,0.259919,0,0,0.003112,6,0.000536,0.000536,9,10
Ogo,,0.333333,1,0.000989,3,7,0.249373,0.260548,0.002516,0,0.003207,18,0.000537,0.000537,9,10
Rhaego,,0,0,0.000331,1,7,0.249138,0.259081,0,0,0.002861,5,0.000517,0.000517,9,10
Dryn,,0,0,0.000342,1,7,0.237882,0.249045,0,0,0.002258,3,0.000396,0.000396,10,9
Stonesnake,,0.833333,5,0.000808,4,6,0.308858,0.330273,0.000002,0,0.028612,26,0.006129,0.006129,10,9
High-Septon-(fat_one),,1,3,0.000557,3,7,0.334737,0.355379,0,0,0.090495,12,0.023012,0.023012,0,12
Jacks,,0,0,0.00032,1,7,0.313239,0.327287,0,0,0.026501,4,0.006707,0.006707,2,12
Joss,,0,0,0.00032,1,7,0.313239,0.327287,0,0,0.026501,5,0.006707,0.006707,2,12
Maron-Greyjoy,,0,0,0.00032,1,7,0.313239,0.327287,0,0,0.026501,3,0.006707,0.006707,2,12
Porther,,0,0,0.00032,1,7,0.313239,0.327287,0,0,0.026501,4,0.006707,0.006707,2,12
Raymun-Darry,,1,1,0.000435,2,6,0.325553,0.33935,0,0,0.053361,12,0.013509,0.013509,2,12
Tobho-Mott,,0,0,0.00032,1,7,0.313239,0.327287,0,0,0.026501,7,0.006707,0.006707,2,12
Tregar,,0,0,0.00032,1,7,0.313239,0.327287,0,0,0.026501,4,0.006707,0.006707,2,12
Varly,,0,0,0.00032,1,7,0.313239,0.327287,0,0,0.026501,4,0.006707,0.006707,2,12
Willam-Dustin,,1,1,0.000435,2,6,0.325553,0.33935,0,0,0.053361,7,0.013509,0.013509,2,12
Wyl-(guard),,0.666667,4,0.000775,4,7,0.326891,0.346637,0.000269,0,0.069689,15,0.017695,0.017695,2,8
Wylla,,0,0,0.00032,1,7,0.313239,0.327287,0,0,0.026501,3,0.006707,0.006707,2,12
Emmett,,0.6,6,0.000908,5,6,0.310911,0.33327,0.000022,0,0.040427,34,0.009007,0.009007,10,9
Watt,,0,0,0.000316,1,7,0.24223,0.254307,0,0,0.003596,3,0.000655,0.000655,10,9
Forley-Prester,,1,1,0.00045,2,7,0.260314,0.273399,0,0,0.01175,6,0.002995,0.002995,1,14
Walder-Rivers,,0.6,6,0.000865,5,6,0.324888,0.345786,0.000062,0,0.064553,24,0.016284,0.016284,1,14
Steffon-Varner,,0,0,0.000553,1,8,0.193619,0.198315,0,0,0.000176,3,0.000015,0.000015,4,7
Hop-Robin,,1,3,0.000638,3,6,0.308738,0.329644,0,0,0.025731,13,0.00561,0.00561,10,9
Genna-Lannister,,1,3,0.000576,3,7,0.314602,0.333681,0,0,0.055329,15,0.01421,0.01421,1,14
Errok,,0.666667,2,0.000667,3,6,0.308498,0.329224,0.000001,0,0.025419,14,0.005548,0.005548,10,9
Grigg,,0.666667,2,0.000665,3,6,0.308498,0.329224,0.000001,0,0.025455,15,0.005562,0.005562,10,9
Styr,,0.714286,20,0.001394,8,6,0.310547,0.334214,0.000021,0,0.04197,99,0.008814,0.008814,10,9
Hotho-Harlaw,,0.666667,4,0.001104,4,8,0.250947,0.264994,0.000591,0,0.004141,16,0.000617,0.000617,3,13
Humfrey-Hewett,,1,1,0.000616,2,8,0.25071,0.263527,0,0,0.003475,7,0.000565,0.000565,3,13
Nute,,0.666667,4,0.001106,4,8,0.250947,0.264994,0.000009,0,0.004206,24,0.000627,0.000627,3,13
Quellon-Greyjoy,,1,1,0.000616,2,8,0.25071,0.263527,0,0,0.003475,7,0.000565,0.000565,3,13
Sawane-Botley,,0,0,0.000395,1,8,0.238524,0.248414,0,0,0.001411,3,0.000236,0.000236,3,13
Farlen,,0,0,0.000344,1,7,0.29753,0.313681,0,0,0.015317,6,0.003586,0.003586,3,13
Florian-the-Fool,,0,0,0.000726,2,7,0.302511,0.319781,0.002516,0,0.027979,11,0.007212,0.007212,11,15
Jonquil,,0,0,0.000497,1,8,0.23232,0.240292,0,0,0.001041,8,0.000252,0.000252,11,15
Fogo,,0,0,0.000469,1,8,0.199648,0.205271,0,0,0.000251,4,0.000019,0.000019,9,10
Frenya,,1,1,0.000525,2,7,0.297641,0.31431,0,0,0.016246,9,0.003773,0.003773,3,13
Holly,,0.666667,4,0.000856,4,7,0.301136,0.318817,0.000009,0,0.022735,23,0.005346,0.005346,3,13
Fulk,,1,1,0.000471,2,6,0.308379,0.328595,0,0,0.024323,9,0.005338,0.005338,10,9
Galyeon-of-Cuy,,0,0,0.000316,1,7,0.322777,0.340012,0,0,0.034977,3,0.008803,0.008803,0,3
Gared,,0.333333,1,0.000841,3,6,0.271238,0.285262,0.001021,0,0.007512,29,0.001555,0.001555,7,9
Will-(prologue),,1,1,0.000665,2,7,0.223692,0.231081,0,0,0.000814,30,0.000125,0.000125,7,9
Murch,,0,0,0.000636,1,9,0.175072,0.179467,0,0,0.000132,5,0.000002,0.000002,3,13
Leonette-Fossoway,,0,0,0.00033,1,8,0.251582,0.261433,0,0,0.005007,3,0.001307,0.001307,0,4
Garrett-Paege,,0,0,0.000319,1,7,0.311398,0.328733,0,0,0.030904,3,0.007921,0.007921,1,14
Garth-Greyfeather,,1,3,0.000691,3,6,0.308738,0.329644,0,0,0.025168,11,0.005549,0.005549,8,9
Hairy-Hal,,1,3,0.000691,3,6,0.308738,0.329644,0,0,0.025168,11,0.005549,0.005549,8,9
Gawen-Westerling,,0,0,0.000512,2,7,0.251026,0.262363,0.000003,0,0.004652,6,0.00112,0.00112,1,7
Gendel,,1,1,0.000574,2,6,0.308379,0.328595,0,0,0.023621,6,0.005228,0.005228,10,9
Gorne,,1,1,0.000574,2,6,0.308379,0.328595,0,0,0.023621,6,0.005228,0.005228,10,9
Merrit,,0,0,0.000326,1,7,0.254808,0.265274,0,0,0.005672,3,0.001401,0.001401,8,6
Gerold-Grafton,,0,0,0.000466,1,9,0.202961,0.209695,0,0,0.000338,3,0.000053,0.000053,0,11
Terrance-Lynderly,,0.333333,1,0.000979,3,8,0.254563,0.267953,0.002516,0,0.006254,12,0.001515,0.001515,0,11
Oswell-Whent,,0.666667,2,0.000864,3,7,0.255299,0.265211,0.0012,0,0.004285,9,0.001006,0.001006,2,1
Gerrick-Kingsblood,,0,0,0.000768,2,6,0.308498,0.328805,0.002516,0,0.02279,8,0.005052,0.005052,10,9
Raymun-Redbeard,,0,0,0.000515,1,7,0.235835,0.244927,0,0,0.000935,3,0.000177,0.000177,10,9
Kojja-Mo,,1,1,0.000457,2,7,0.261084,0.278443,0,0,0.010501,15,0.00207,0.00207,10,9
Gormon-Tyrell,,0,0,0.000601,1,9,0.150511,0.154791,0,0,0.000131,3,0,0,5,9
Walgrave,,0,0,0.00097,2,8,0.177139,0.184272,0.002516,0,0.000375,13,0.000006,0.000006,5,9
Grazdan-mo-Eraz,,0,0,0.000389,1,8,0.219674,0.228217,0,0,0.000792,3,0.000125,0.000125,9,10
Kegs,,0.714286,15,0.001151,7,6,0.309459,0.332579,0.00001,0,0.0361,29,0.007492,0.007492,10,9
Todder,,1,6,0.000721,4,6,0.308858,0.330273,0,0,0.030416,41,0.006445,0.006445,10,9
Jarl,,0.607143,17,0.001376,8,6,0.310304,0.333795,0.000021,0,0.043322,68,0.009219,0.009219,10,9
Lorren,,0.142857,4,0.002056,8,7,0.299322,0.319865,0.003754,0,0.018854,31,0.004142,0.004142,3,13
Grisel,,0,0,0.000307,1,7,0.2869,0.302276,0,0,0.020707,3,0.005353,0.005353,0,11
Gunthor-son-of-Gurn,,0,0,0.000316,1,7,0.322777,0.340012,0,0,0.034977,7,0.008803,0.008803,0,3
Gyles-Grafton,,1,1,0.000604,2,8,0.254481,0.267324,0,0,0.006157,8,0.001513,0.001513,0,11
Haggon,,0,0,0.000431,1,7,0.236889,0.246634,0,0,0.001356,8,0.000251,0.000251,10,9
Hake,,0,0,0.00033,1,6,0.308259,0.327966,0,0,0.022657,4,0.005045,0.005045,10,9
Hallyne,,1,1,0.000426,2,7,0.327295,0.34584,0,0,0.063993,8,0.016305,0.016305,0,3
Halys-Hornwood,,0,0,0.000314,1,7,0.287419,0.300389,0,0,0.013154,3,0.003276,0.003276,1,8
Leathers,,0.5,5,0.000994,5,6,0.309218,0.331321,0.000023,0,0.028679,37,0.006115,0.006115,10,9
Rory,,1,1,0.000484,2,6,0.308618,0.329015,0,0,0.024144,10,0.005295,0.005295,10,9
Spare-Boot,,0.866667,13,0.001034,6,6,0.309098,0.33153,0.000001,0,0.032046,23,0.006753,0.006753,10,9
Harl,,0,0,0.000407,1,8,0.230435,0.239373,0,0,0.000864,3,0.000145,0.000145,3,13
Harma,,0.678571,19,0.001441,8,6,0.31079,0.334633,0.000039,0,0.04144,39,0.008719,0.008719,10,9
Rattleshirt,,0.563636,31,0.001809,11,6,0.312992,0.33847,0.000083,0,0.052187,129,0.010943,0.010943,10,9
Weeper,,0.7,7,0.000904,5,6,0.308978,0.330901,0.000006,0,0.031227,24,0.006607,0.006607,10,9
Harras-Harlaw,,0,0,0.00041,1,8,0.250315,0.262311,0,0,0.002064,3,0.000329,0.000329,3,13
Myles-Toyne,,1,1,0.000537,2,7,0.259634,0.270443,0,0,0.005371,13,0.001254,0.001254,0,3
Harwood-Stout,,0,0,0.000344,1,7,0.29753,0.313681,0,0,0.015317,5,0.003586,0.003586,3,13
Heward,,1,1,0.000475,2,7,0.286693,0.299131,0,0,0.014174,8,0.003563,0.003563,2,8
Marghaz-zo-Loraq,,0,0,0.000332,1,8,0.227663,0.240007,0,0,0.00229,5,0.000357,0.000357,9,10
Hobber-Redwyne,,0,0,0.000493,1,8,0.232592,0.240292,0,0,0.001074,7,0.000263,0.000263,12,15
Horas-Redwyne,,0,0,0.000717,2,7,0.302973,0.319572,0.002516,0,0.02915,10,0.007511,0.007511,12,15
Rowan,,0.7,7,0.000943,5,6,0.308618,0.328197,0.000058,0,0.031221,27,0.007178,0.007178,3,13
Hoster-Blackwood,,0,0,0.000319,1,7,0.311398,0.328733,0,0,0.030904,4,0.007921,0.007921,1,14
Mebble,,0,0,0.000332,1,8,0.234375,0.24409,0,0,0.002159,4,0.00049,0.00049,8,6
Hother-Umber,,0.166667,1,0.000791,4,7,0.276522,0.292381,0.000043,0,0.018875,16,0.004493,0.004493,4,13
Sigfryd-Harlaw,,1,1,0.000639,2,8,0.21217,0.220409,0,0,0.00083,7,0.000072,0.000072,3,13
Hugh,,0,0,0.000322,1,7,0.276907,0.288796,0,0,0.010817,3,0.002786,0.002786,2,4
Hugo-Vance,,0,0,0.000319,1,7,0.311398,0.328733,0,0,0.030904,3,0.007921,0.007921,1,14
Jack-Be-Lucky,,0,0,0.000324,1,8,0.24613,0.257534,0,0,0.003829,5,0.000929,0.000929,8,6
Jaehaerys-I-Targaryen,,0,0,0.000339,1,8,0.242526,0.251789,0,0,0.003353,3,0.000871,0.000871,0,4
Jafer-Flowers,,0,0,0.00037,1,7,0.237882,0.247358,0,0,0.001566,3,0.00031,0.00031,10,9
Jonos-Bracken,,1,1,0.00048,2,7,0.311642,0.329572,0,0,0.033306,12,0.008517,0.008517,1,14
Josmyn-Peckledon,,1,1,0.000482,2,7,0.31152,0.329362,0,0,0.033563,23,0.008586,0.008586,1,4
Joy-Hill,,0,0,0.000319,1,7,0.311398,0.328733,0,0,0.030904,3,0.007921,0.007921,1,14
Lewys-Piper,,0,0,0.000319,1,7,0.311398,0.328733,0,0,0.030904,3,0.007921,0.007921,1,14
Pia,,0.5,3,0.00077,4,7,0.333613,0.356071,0.000131,0,0.074812,22,0.019018,0.019018,1,4
Rennifer-Longwaters,,0,0,0.000749,2,7,0.311642,0.329572,0.002516,0,0.031042,6,0.00793,0.00793,1,14
Ronnet-Connington,,1,1,0.000438,2,7,0.312132,0.330201,0,0,0.040763,7,0.010498,0.010498,1,4
Shitmouth,,0,0,0.000319,1,7,0.311398,0.328733,0,0,0.030904,3,0.007921,0.007921,1,14
Tysha,,0.833333,5,0.000688,4,7,0.336437,0.360054,0.000015,0,0.100417,24,0.025649,0.025649,0,3
Urswyck,,0,0,0.000319,1,7,0.311398,0.328733,0,0,0.030904,11,0.007921,0.007921,1,14
Wylis-Manderly,,1,1,0.000435,2,7,0.314353,0.332842,0,0,0.052539,6,0.013512,0.013512,1,14
Zollo,,0.833333,5,0.000736,4,7,0.3125,0.331878,0.000001,0,0.039876,14,0.010131,0.010131,1,6
Rhaegar-Frey,,0,0,0.000576,2,7,0.262723,0.274498,0.000632,0,0.005898,6,0.001372,0.001372,4,7
Jarman-Buckwell,,1,3,0.000622,3,6,0.31152,0.332201,0,0,0.031535,14,0.006879,0.006879,10,9
Ottyn-Wythers,,0.833333,5,0.000756,4,6,0.314727,0.336834,0.000018,0,0.039261,15,0.008437,0.008437,10,9
Jeyne-Farman,,0,0,0.0004,1,8,0.246359,0.255332,0,0,0.002294,4,0.000577,0.000577,0,14
Squirrel,,0.833333,5,0.00076,4,6,0.308498,0.327568,0.000009,0,0.030336,20,0.006997,0.006997,3,13
Joanna-Lannister,,0,0,0.000305,1,7,0.291529,0.305819,0,0,0.021635,4,0.005591,0.005591,0,0
Nyessos-Vhassar,,0,0,0.000777,2,7,0.259719,0.270653,0.002516,0,0.005044,10,0.001182,0.001182,13,3
Jon-Fossoway,,0,0,0.000332,1,7,0.250868,0.259626,0,0,0.003525,3,0.000881,0.000881,4,4
Matthar,,0,0,0.00033,1,6,0.308259,0.327966,0,0,0.022657,3,0.005045,0.005045,10,9
Orell,,1,1,0.000485,2,6,0.308498,0.328805,0,0,0.024811,9,0.005431,0.005431,10,9
Othor,,0,0,0.00033,1,6,0.308259,0.327966,0,0,0.022657,5,0.005045,0.005045,10,9
Patrek-of-Kings-Mountain,,0.833333,5,0.000813,4,6,0.310304,0.331908,0.000001,0,0.029575,20,0.006482,0.006482,4,7
Ryk,,1,6,0.000778,4,6,0.308978,0.330482,0,0,0.02919,29,0.006209,0.006209,10,9
Soren-Shieldbreaker,,0,0,0.00033,1,6,0.308259,0.327966,0,0,0.022657,3,0.005045,0.005045,10,9
Tom-Barleycorn,,0,0,0.00033,1,6,0.308259,0.327966,0,0,0.022657,4,0.005045,0.005045,10,9
Toregg,,1,3,0.000653,3,6,0.308738,0.329644,0,0,0.026111,18,0.005655,0.005655,10,9
Ulmer,,0,0,0.00033,1,6,0.308259,0.327966,0,0,0.022657,3,0.005045,0.005045,10,9
Wun-Weg-Wun-Dar-Wun,,0.666667,4,0.000809,4,6,0.310304,0.331908,0.00001,0,0.029521,28,0.006466,0.006466,10,7
Zei,,0,0,0.00033,1,6,0.308259,0.327966,0,0,0.022657,3,0.005045,0.005045,10,9
Jon-Umber-(Smalljon),,1,1,0.00045,2,6,0.307901,0.323543,0,0,0.0293,9,0.007283,0.007283,1,14
Robin-Flint,,1,3,0.000621,3,6,0.30814,0.324382,0,0,0.031476,9,0.007799,0.007799,1,14
Jonothor-Darry,,1,1,0.000664,2,8,0.203898,0.209846,0,0,0.000582,6,0.000077,0.000077,2,1
Nurse,,0.833333,5,0.000768,4,7,0.326489,0.346259,0.000013,0,0.04408,28,0.010756,0.010756,0,10
Joramun,,1,1,0.000447,2,7,0.273196,0.289425,0,0,0.014793,10,0.003243,0.003243,10,9
Richard-Horpe,,1,1,0.000498,2,6,0.30802,0.324885,0,0,0.027272,10,0.006659,0.006659,3,13
Jyck,,1,1,0.00055,2,7,0.322908,0.340641,0,0,0.036322,11,0.009122,0.009122,0,3
Morrec,,1,1,0.00055,2,7,0.322908,0.340641,0,0,0.036322,10,0.009122,0.009122,0,3
Kella,,0,0,0.000304,1,7,0.302281,0.318943,0,0,0.027845,3,0.007203,0.007203,0,3
Kerwin,,0,0,0.00041,1,8,0.250315,0.262311,0,0,0.002064,12,0.000329,0.000329,3,13
Willem-Lannister,,0,0,0.000994,4,6,0.309942,0.327379,0.002623,0,0.035173,15,0.008856,0.008856,1,4
Kurleket,,0,0,0.000316,1,7,0.322777,0.340012,0,0,0.034977,5,0.008803,0.008803,0,3
Kyra,,0,0,0.000344,1,7,0.29753,0.313681,0,0,0.015317,4,0.003586,0.003586,3,13
Softfoot,,0,0,0.000357,1,7,0.239602,0.249464,0,0,0.001634,3,0.000302,0.000302,10,9
Leo-Lefford,,0,0,0.000316,1,7,0.322777,0.340012,0,0,0.034977,4,0.008803,0.008803,0,3
Symon-Silver-Tongue,,1,3,0.000572,3,7,0.323171,0.341479,0,0,0.044607,13,0.011269,0.011269,0,3
Longwater-Pyke,,0,0,0.00041,1,8,0.250315,0.262311,0,0,0.002064,3,0.000329,0.000329,3,13
Lorent-Caswell,,0,0,0.000312,1,7,0.284844,0.299006,0,0,0.017735,3,0.004568,0.004568,4,2
Urzen,,1,1,0.000562,2,7,0.2982,0.315253,0,0,0.016182,6,0.003731,0.003731,3,13
Merrett-Frey,,0,0,0.000437,2,7,0.288148,0.30475,0.000009,0,0.024114,6,0.006189,0.006189,1,14
Lucas-Codd,,0,0,0.000987,2,8,0.207301,0.214332,0.002516,0,0.000438,6,0.000037,0.000037,3,13
Torwold-Browntooth,,0,0,0.000608,1,9,0.171743,0.175838,0,0,0.00013,3,0.000001,0.000001,3,13
Luton,,0,0,0.000389,1,8,0.230168,0.238534,0,0,0.001015,3,0.000198,0.000198,3,13
Lyanna-Mormont,,0,0,0.000319,1,6,0.307901,0.324256,0,0,0.025924,3,0.006371,0.006371,4,7
Lyn-Corbray,,0.666667,4,0.000762,4,7,0.291529,0.309823,0.000021,0,0.039372,17,0.010105,0.010105,0,11
Lyonel-Corbray,,1,1,0.000468,2,7,0.287004,0.302905,0,0,0.022146,7,0.005706,0.005706,0,11
Malaquo-Maegyr,,0,0,0.000519,1,8,0.206226,0.211815,0,0,0.000286,7,0.000041,0.000041,13,3
Mallador-Locke,,0,0,0.000348,1,7,0.23917,0.24938,0,0,0.001927,4,0.000354,0.000354,10,9
Manfrey-Martell,,0,0,0.000529,1,9,0.185835,0.191802,0,0,0.0002,4,0.000015,0.000015,6,1
Martyn-Lannister,,0,0,0.000516,2,7,0.291957,0.306972,0.000031,0,0.022948,6,0.005901,0.005901,1,4
Martyn-Rivers,,0,0,0.000316,1,6,0.307663,0.322704,0,0,0.0243,3,0.006061,0.006061,1,14
Rodrik-Sparr,,1,1,0.0006,2,8,0.263594,0.276797,0,0,0.003968,11,0.000741,0.000741,3,13
Mord,,0,0,0.000316,1,7,0.322777,0.340012,0,0,0.034977,20,0.008803,0.008803,0,3
Morgo,,0,0,0.000316,1,7,0.322777,0.340012,0,0,0.034977,4,0.008803,0.008803,0,3
Munda,,0,0,0.000342,1,7,0.237882,0.249045,0,0,0.002258,4,0.000396,0.000396,10,9
Myranda-Royce,,0.666667,2,0.000598,3,7,0.303783,0.322046,0.000022,0,0.034996,13,0.008972,0.008972,0,11
Trystane-Martell,,0,0,0.000468,2,7,0.285151,0.29909,0.000064,0,0.012494,17,0.002995,0.002995,6,10
Nage,,0,0,0.000358,1,8,0.241421,0.250699,0,0,0.002396,3,0.000601,0.000601,1,14
Yezzan-zo-Qaggaz,,0.6,6,0.001022,5,7,0.323302,0.342528,0.000006,0,0.041641,48,0.01032,0.01032,0,10
Ralf-Stonehouse,,1,1,0.000645,2,8,0.250394,0.26294,0,0,0.002382,6,0.000351,0.000351,3,13
Old-Bill-Bone,,0,0,0.000348,1,8,0.229503,0.242293,0,0,0.002136,3,0.000358,0.000358,9,10
Olyvar-Frey,,1,1,0.000451,2,6,0.30814,0.323962,0,0,0.028567,16,0.00712,0.00712,1,14
Oswell-Kettleblack,,1,1,0.000422,2,7,0.304948,0.323303,0,0,0.048552,9,0.012556,0.012556,0,11
Palla,,1,1,0.00049,2,7,0.298423,0.315421,0,0,0.022298,6,0.005238,0.005238,3,13
Quill,,0,0,0.000459,1,8,0.17706,0.183434,0,0,0.000269,4,0.000006,0.000006,5,9
Rosey,,0,0,0.000459,1,8,0.17706,0.183434,0,0,0.000269,9,0.000006,0.000006,5,9
Pate-(whipping-boy),,0,0,0.000299,1,7,0.277875,0.29171,0,0,0.015749,4,0.0041,0.0041,0,4
Sweets,,1,3,0.000643,3,7,0.323039,0.34127,0,0,0.038756,17,0.009646,0.009646,0,10
Perwyn-Frey,,1,1,0.000487,2,6,0.307901,0.323543,0,0,0.026477,9,0.006577,0.006577,1,14
Petyr-Frey,,0,0,0.00045,2,7,0.265354,0.277706,0.000001,0,0.011882,8,0.002982,0.002982,1,14
Puckens,,0,0,0.000728,2,7,0.27585,0.289299,0.002516,0,0.015003,6,0.0039,0.0039,0,4
Shortear,,0,0,0.000498,1,8,0.216268,0.222895,0,0,0.0006,3,0.000136,0.000136,0,4
Ragwyle,,0,0,0.000334,1,7,0.240982,0.25201,0,0,0.002664,3,0.00049,0.00049,10,9
Quhuru-Mo,,1,1,0.000562,2,7,0.260912,0.278023,0,0,0.008142,8,0.001614,0.001614,10,9
Xhondo,,1,1,0.000562,2,7,0.260912,0.278023,0,0,0.008142,22,0.001614,0.001614,10,9
Ralf-(Limper),,0,0,0.00041,1,8,0.250315,0.262311,0,0,0.002064,7,0.000329,0.000329,3,13
Yellow-Dick,,1,3,0.000668,3,7,0.298535,0.31605,0,0,0.023377,15,0.005447,0.005447,3,13
Rollam-Westerling,,1,1,0.000501,2,6,0.307782,0.323333,0,0,0.026102,7,0.006496,0.006496,1,14
Torbert,,0,0,0.000498,1,8,0.238381,0.246213,0,0,0.001188,4,0.000289,0.000289,0,4
Steffon-Baratheon,,1,1,0.000443,2,6,0.314727,0.331363,0,0,0.043659,6,0.01094,0.01094,4,7
Rugen,,0,0,0.000507,1,8,0.237668,0.245722,0,0,0.001157,3,0.000278,0.000278,1,14
Rhaella-Targaryen,,1,1,0.000444,2,7,0.275087,0.287727,0,0,0.01263,6,0.003068,0.003068,2,1
Rolph-Spicer,,0,0,0.000316,1,6,0.307663,0.322704,0,0,0.0243,5,0.006061,0.006061,1,14
Tristifer-IV-Mudd,,0,0,0.000316,1,6,0.307663,0.322704,0,0,0.0243,3,0.006061,0.006061,1,14
Walda-Frey-(daughter-of-Merrett),,1,1,0.000464,2,7,0.302281,0.319677,0,0,0.027836,7,0.006742,0.006742,1,13
Roose-Ryswell,,0,0,0.000319,1,6,0.307901,0.324256,0,0,0.025924,3,0.006371,0.006371,4,7
Theobald,,0,0,0.000323,1,7,0.260827,0.277394,0,0,0.007726,7,0.001558,0.001558,10,9
Sarella-Sand,,0,0,0.000347,1,8,0.216268,0.224373,0,0,0.000966,3,0.000181,0.000181,6,1
Scar,,1,1,0.00049,2,7,0.322908,0.340641,0,0,0.036542,12,0.009164,0.009164,0,10
Shadd,,0,0,0.00036,1,7,0.238739,0.247502,0,0,0.002177,3,0.000516,0.000516,1,14
Ulf-son-of-Umar,,0,0,0.000385,1,8,0.245598,0.254305,0,0,0.002313,4,0.000568,0.000568,0,3
Shrouded-Lord,,0,0,0.000316,1,7,0.322777,0.340012,0,0,0.034977,4,0.008803,0.008803,0,3
Simon-Toyne,,0,0,0.00056,1,9,0.178571,0.183082,0,0,0.000147,3,0.000007,0.000007,2,1
Theomore,,1,1,0.000464,2,6,0.311033,0.328449,0,0,0.031654,6,0.007737,0.007737,4,7
William-Foxglove,,0,0,0.000319,1,6,0.307901,0.324256,0,0,0.025924,3,0.006371,0.006371,4,7
Werlag,,1,1,0.000564,2,7,0.297641,0.31431,0,0,0.016035,6,0.003721,0.003721,3,13
Talbert-Serry,,0,0,0.00041,1,8,0.250315,0.262311,0,0,0.002064,10,0.000329,0.000329,3,13
Willow-Witch-eye,,0,0,0.000344,1,7,0.29753,0.313681,0,0,0.015317,4,0.003586,0.003586,3,13
Thistle,,0,0,0.000431,1,7,0.236889,0.246634,0,0,0.001356,7,0.000251,0.000251,10,9
Tion-Frey,,0,0,0.0004,1,7,0.236678,0.24442,0,0,0.001313,6,0.00031,0.00031,1,4
Wulfe,,0,0,0.00041,1,8,0.250315,0.262311,0,0,0.002064,3,0.000329,0.000329,3,13
