Id,Label,house,degree,weighted degree,Eccentricity,closnesscentrality,harmonicclosnesscentrality,betweenesscentrality,Authority,Hub,pageranks,componentnumber,modularity_class,stat_inf_class,clustering,triangles,eigencentrality
Addam-Marbrand,Addam Marbrand,Other,12,56,7,0.345803,0.373911,148.238587,0.052661,0.052661,0.001658,0,10,12,0.545455,36,0.20555
Aegon-Frey-(son-of-Stevron),Aegon Frey (son of Stevron),Frey,4,18,6,0.313609,0.332642,0,0.014688,0.014688,0.000715,0,1,3,1,6,0.058563
Aegon-I-Targaryen,Aegon I Targaryen,Targaryen,9,41,6,0.361692,0.386457,2174.903452,0.025583,0.025583,0.001787,0,6,0,0.222222,8,0.104302
Aegon-Targaryen-(son-of-Rhaegar),Aegon Targaryen (son of Rhaegar),Targaryen,15,136,7,0.34223,0.369907,1897.530074,0.024692,0.024692,0.002558,0,16,14,0.333333,35,0.100899
Aegon-V-Targaryen,Aegon V Targaryen,Targaryen,1,6,6,0.262636,0.274004,0,0.001226,0.001226,0.000325,0,11,6,0,0,0.005823
Aemon-Targaryen-(Dragonknight),Aemon Targaryen (Dragonknight),Targaryen,1,3,7,0.311398,0.328733,0,0.007921,0.007921,0.000319,0,9,11,0,0,0.030959
Aemon-Targaryen-(Maester-Aemon),Aemon Targaryen (Maester Aemon),Targaryen,26,395,5,0.356023,0.38782,5996.713823,0.035024,0.035024,0.00417,0,11,6,0.273846,89,0.155
Aenys-Frey,Aenys Frey,Frey,4,19,7,0.318127,0.340368,256.237334,0.011056,0.011056,0.000831,0,2,8,0.5,3,0.045426
Aeron-Greyjoy,Aeron Greyjoy,Greyjoy,15,151,7,0.312992,0.338104,4082.494978,0.007114,0.007114,0.003891,0,7,7,0.190476,20,0.032512
Aerys-I-Targaryen,Aerys I Targaryen,Targaryen,1,3,6,0.314851,0.326834,0,0.006802,0.006802,0.000303,0,10,16,0,0,0.02691
Aerys-II-Targaryen,Aerys II Targaryen,Targaryen,19,184,6,0.366359,0.398239,4440.320938,0.067482,0.067482,0.003342,0,10,14,0.327485,56,0.265976
Aggar,Aggar,Other,4,13,7,0.269036,0.283345,2523.900785,0.001664,0.001664,0.001521,0,1,7,0,0,0.007285
Aggo,Aggo,Other,10,112,7,0.2951,0.318524,31.698208,0.008956,0.008956,0.001554,0,6,14,0.666667,30,0.042149
Alayaya,Alayaya,Other,4,16,7,0.329465,0.350872,794,0.019677,0.019677,0.000872,0,10,2,0.5,3,0.077344
Albett,Albett,Other,3,11,6,0.308498,0.329224,0,0.005706,0.005706,0.000614,0,11,6,1,3,0.025898
Alebelly,Alebelly,Other,4,19,6,0.295979,0.312138,2.25,0.005221,0.005221,0.000832,0,1,13,0.5,3,0.021783
Alerie-Hightower,Alerie Hightower,Other,2,6,7,0.281915,0.295924,0,0.006274,0.006274,0.000416,0,10,17,1,1,0.024187
Alester-Florent,Alester Florent,Other,7,41,6,0.318127,0.3387,114.515463,0.015097,0.015097,0.001199,0,2,8,0.619048,13,0.061714
Alla-Tyrell,Alla Tyrell,Tyrell,5,43,7,0.304248,0.324079,3.710908,0.012282,0.012282,0.000831,0,13,12,0.7,7,0.047656
Allar-Deem,Allar Deem,Other,2,7,6,0.327295,0.344612,0,0.011663,0.011663,0.000432,0,10,2,1,1,0.046611
Allard-Seaworth,Allard Seaworth,Other,3,13,6,0.3097,0.328029,5.259524,0.008137,0.008137,0.000695,0,2,8,0.666667,2,0.033414
Alleras,Alleras,Other,8,48,6,0.272915,0.292683,4481.463732,0.002925,0.002925,0.00181,0,14,6,0.428571,12,0.015132
Alliser-Thorne,Alliser Thorne,Other,15,159,5,0.363014,0.392285,699.989263,0.039757,0.039757,0.00215,0,11,6,0.533333,56,0.168747
Alyn,Alyn,Other,5,32,6,0.327026,0.3426,7.271035,0.018421,0.018421,0.000819,0,10,18,0.7,7,0.072977
Alys-Arryn,Alys Arryn,Arryn,2,7,7,0.2771,0.289635,794,0.00279,0.00279,0.000755,0,4,10,0,0,0.01095
Alys-Karstark,Alys Karstark,Other,3,24,6,0.310547,0.331593,0,0.006964,0.006964,0.000625,0,11,6,1,3,0.030943
Alysane-Mormont,Alysane Mormont,Other,3,28,6,0.312992,0.331237,0,0.007464,0.007464,0.000677,0,7,7,1,3,0.030948
Amabel,Amabel,Other,2,10,7,0.301593,0.319404,0,0.00626,0.00626,0.000564,0,0,0,1,1,0.025081
Amerei-Frey,Amerei Frey,Frey,3,20,7,0.311887,0.33041,0.72549,0.010507,0.010507,0.000577,0,9,11,0.666667,2,0.040937
Amory-Lorch,Amory Lorch,Other,20,105,7,0.348226,0.380326,372.884547,0.069042,0.069042,0.002541,0,0,5,0.521053,99,0.268563
Anders-Yronwood,Anders Yronwood,Other,2,7,8,0.272821,0.287911,5.245088,0.00266,0.00266,0.000468,0,6,14,0,0,0.010989
Andrew-Estermont,Andrew Estermont,Other,3,11,7,0.263419,0.277685,794,0.002101,0.002101,0.000876,0,2,8,0.333333,1,0.008987
Andrey-Dalt,Andrey Dalt,Other,5,37,7,0.277972,0.29345,12.950687,0.003541,0.003541,0.000942,0,15,1,0.9,9,0.014848
Anguy,Anguy,Other,9,81,7,0.309821,0.331647,398.465704,0.015542,0.015542,0.001438,0,0,0,0.555556,20,0.061721
Anya-Waynwood,Anya Waynwood,Other,7,44,7,0.287835,0.306679,184.30152,0.006581,0.006581,0.001284,0,10,10,0.52381,11,0.026211
Archibald-Yronwood,Archibald Yronwood,Other,4,43,8,0.229902,0.244704,0.75,0.000804,0.000804,0.000885,0,6,14,0.833333,5,0.004845
Ardrian-Celtigar,Ardrian Celtigar,Other,1,5,7,0.236607,0.244786,0,0.000277,0.000277,0.000426,0,2,8,0,0,0.001228
Areo-Hotah,Areo Hotah,Other,9,118,7,0.290889,0.310012,41.15351,0.011291,0.011291,0.001398,0,15,1,0.5,18,0.044969
Arianne-Martell,Arianne Martell,Martell,20,189,7,0.295319,0.32171,5642.682025,0.012294,0.012294,0.003824,0,15,1,0.189474,36,0.050802
Armen,Armen,Other,6,23,7,0.214981,0.227128,5.333333,0.000236,0.000236,0.001517,0,14,6,0.6,9,0.002226
Arnolf-Karstark,Arnolf Karstark,Other,5,20,6,0.315852,0.335639,826.89689,0.008894,0.008894,0.001125,0,2,3,0.2,2,0.036707
Aron-Santagar,Aron Santagar,Other,1,3,7,0.276618,0.290683,0,0.004299,0.004299,0.000299,0,0,4,0,0,0.016476
Arron,Arron,Other,3,14,7,0.238238,0.250755,0,0.000621,0.000621,0.000672,0,11,6,1,3,0.003632
Arson,Arson,Other,1,3,6,0.308259,0.327966,0,0.005045,0.005045,0.00033,0,11,6,0,0,0.022418
Arstan,Arstan,Other,8,90,7,0.29057,0.312234,39.115685,0.00695,0.00695,0.001393,0,6,14,0.5,14,0.032126
Arthor-Karstark,Arthor Karstark,Other,1,3,7,0.240109,0.248643,0,0.000311,0.000311,0.00038,0,2,3,0,0,0.001392
Arthur-Dayne,Arthur Dayne,Other,5,24,7,0.27739,0.292758,1671.862702,0.005382,0.005382,0.00123,0,5,14,0.3,3,0.021514
Arwyn-Oakheart,Arwyn Oakheart,Other,1,3,6,0.258201,0.268113,0,0.001094,0.001094,0.000324,0,9,17,0,0,0.004446
Arya-Stark,Arya Stark,Stark,84,1460,6,0.431362,0.488386,27534.997652,0.172624,0.172624,0.013448,0,0,0,0.11245,392,0.687495
Arys-Oakheart,Arys Oakheart,Other,9,76,7,0.326757,0.351165,559.012001,0.02863,0.02863,0.001367,0,15,1,0.5,18,0.112436
Asha-Greyjoy,Asha Greyjoy,Greyjoy,25,234,6,0.35177,0.381929,10423.10785,0.022997,0.022997,0.005265,0,7,7,0.113333,34,0.097647
Ashara-Dayne,Ashara Dayne,Other,1,3,8,0.255545,0.266444,0,0.001403,0.001403,0.000326,0,10,14,0,0,0.005457
Aurane-Waters,Aurane Waters,Other,9,37,6,0.337436,0.359371,24.681218,0.031642,0.031642,0.001243,0,10,12,0.611111,22,0.123533
Axell-Florent,Axell Florent,Other,10,98,6,0.329739,0.357086,537.603043,0.017469,0.017469,0.001692,0,2,8,0.511111,23,0.074859
Azor-Ahai,Azor Ahai,Other,1,6,6,0.307901,0.324256,0,0.006371,0.006371,0.000319,0,2,8,0,0,0.025882
Bael-the-Bard,Bael the Bard,Other,1,5,7,0.238595,0.249401,0,0.000385,0.000385,0.000343,0,11,6,0,0,0.002088
Baelor-Blacktyde,Baelor Blacktyde,Other,4,15,7,0.276811,0.291941,0,0.002329,0.002329,0.000987,0,7,7,1,6,0.01095
Baelor-I-Targaryen,Baelor I Targaryen,Targaryen,3,14,7,0.332219,0.354435,0,0.024257,0.024257,0.000549,0,10,12,1,3,0.095013
Ballabar,Ballabar,Other,3,23,7,0.323829,0.342423,794,0.010065,0.010065,0.000823,0,10,17,0.333333,1,0.039994
Balman-Byrch,Balman Byrch,Other,3,24,7,0.314727,0.333199,0,0.011313,0.011313,0.000577,0,10,2,1,3,0.044026
Balon-Greyjoy,Balon Greyjoy,Greyjoy,13,149,6,0.364679,0.392474,3012.776117,0.043302,0.043302,0.002302,0,7,7,0.487179,38,0.175456
Balon-Swann,Balon Swann,Other,16,96,7,0.348684,0.37867,1135.899858,0.056627,0.056627,0.002134,0,10,11,0.441667,53,0.220608
Bannen,Bannen,Other,2,16,7,0.260912,0.278023,0,0.001904,0.001904,0.000465,0,11,6,1,1,0.009463
Barbrey-Dustin,Barbrey Dustin,Other,6,37,6,0.325686,0.348239,57.672595,0.016288,0.016288,0.00108,0,1,15,0.666667,10,0.066756
Barristan-Selmy,Barristan Selmy,Selmy,41,470,6,0.386861,0.427987,14376.13016,0.098095,0.098095,0.006119,0,6,14,0.212195,174,0.39389
Barsena,Barsena,Other,1,4,7,0.277197,0.294582,0,0.002206,0.002206,0.00034,0,6,14,0,0,0.010346
Bartimus,Bartimus,Other,1,4,7,0.260827,0.273932,0,0.001533,0.001533,0.000345,0,2,8,0,0,0.006508
Bedwyck,Bedwyck,Other,5,18,7,0.26255,0.28274,0,0.003532,0.003532,0.000863,0,11,6,1,10,0.01829
Belaquo,Belaquo,Other,4,18,8,0.231374,0.246423,4.045363,0.000766,0.000766,0.000835,0,6,14,0.666667,4,0.004987
Bellegere-Otherys,Bellegere Otherys,Other,1,3,7,0.301479,0.318775,0,0.006041,0.006041,0.000325,0,0,0,0,0,0.024132
Belwas,Belwas,Other,13,153,7,0.297641,0.323408,88.691692,0.010371,0.010371,0.002041,0,6,14,0.410256,32,0.04879
Ben-Bones,Ben Bones,Other,2,9,7,0.298423,0.315421,0,0.005238,0.005238,0.00049,0,1,7,1,1,0.022147
Ben-Plumm,Ben Plumm,Other,9,63,7,0.338298,0.362653,339.774671,0.016716,0.016716,0.001524,0,6,14,0.444444,16,0.070815
Benedar-Belmore,Benedar Belmore,Other,5,21,7,0.287627,0.305421,138.923497,0.005981,0.005981,0.000956,0,10,10,0.7,7,0.023712
Benerro,Benerro,Other,4,18,7,0.335726,0.35714,11.699967,0.011925,0.011925,0.000797,0,16,7,0.666667,4,0.049438
Benethon-Scales,Benethon Scales,Other,2,7,7,0.255135,0.267739,0,0.00121,0.00121,0.000499,0,2,8,1,1,0.005616
Benfred-Tallhart,Benfred Tallhart,Other,4,16,7,0.298872,0.31714,115.809628,0.004063,0.004063,0.000914,0,1,13,0.166667,1,0.017428
Benjen-Stark,Benjen Stark,Stark,14,125,6,0.389706,0.420021,1791.269028,0.056308,0.056308,0.002169,0,11,6,0.516484,47,0.230118
Beric-Dondarrion,Beric Dondarrion,Other,18,166,6,0.358916,0.390147,675.345982,0.067164,0.067164,0.002527,0,0,0,0.464052,71,0.263636
Beth-Cassel,Beth Cassel,Cassel,3,11,6,0.312009,0.330901,0,0.011149,0.011149,0.000601,0,1,13,1,3,0.045822
Big-Boil,Big Boil,Other,2,6,6,0.308498,0.328805,0,0.005431,0.005431,0.000485,0,11,6,1,1,0.024506
Biter,Biter,Other,5,47,7,0.312132,0.333471,29.798353,0.012855,0.012855,0.000862,0,0,0,0.6,6,0.051424
Black-Balaq,Black Balaq,Other,1,3,8,0.206547,0.212507,0,0.000072,0.000072,0.000428,0,16,14,0,0,0.000406
Blane,Blane,Other,1,3,6,0.270869,0.283585,0,0.00148,0.00148,0.00032,0,11,6,0,0,0.006857
Bloodbeard,Bloodbeard,Other,4,14,7,0.290676,0.311689,35.417008,0.006107,0.006107,0.000801,0,6,14,0.666667,4,0.027214
Blue-Bard,Blue Bard,Other,5,23,7,0.314353,0.333827,286.662809,0.013959,0.013959,0.000862,0,10,12,0.6,6,0.054263
Bonifer-Hasty,Bonifer Hasty,Other,1,4,7,0.311398,0.328733,0,0.007921,0.007921,0.000319,0,9,11,0,0,0.030959
Boros-Blount,Boros Blount,Other,14,149,7,0.351459,0.381731,71.932784,0.063085,0.063085,0.001817,0,10,11,0.637363,58,0.24563
Bowen-Marsh,Bowen Marsh,Other,18,187,6,0.336864,0.36805,336.39176,0.026331,0.026331,0.002645,0,11,6,0.431373,66,0.118149
Bran-Stark,Bran Stark,Stark,54,1508,5,0.418862,0.463983,14174.641674,0.122537,0.122537,0.008375,0,1,13,0.155136,222,0.494993
Brandon-Norrey,Brandon Norrey,Other,2,6,6,0.308498,0.328805,794,0.005052,0.005052,0.000768,0,11,6,0,0,0.022531
Brandon-Stark,Brandon Stark,Stark,8,55,6,0.338154,0.358449,145.822059,0.030519,0.030519,0.001285,0,10,14,0.428571,12,0.120882
Brea,Brea,Other,3,15,7,0.301708,0.320033,0.5,0.006479,0.006479,0.000791,0,0,0,0.666667,2,0.026035
Brella,Brella,Other,2,12,7,0.302857,0.32041,0,0.008926,0.008926,0.00043,0,10,2,1,1,0.034642
Brenett,Brenett,Other,1,3,7,0.302511,0.31909,0,0.006155,0.006155,0.000315,0,1,3,0,0,0.024404
Brienne-of-Tarth,Brienne of Tarth,Other,45,521,6,0.384429,0.429581,10179.189379,0.116308,0.116308,0.007059,0,9,17,0.168687,167,0.457419
Bronn,Bronn,Other,25,313,6,0.362352,0.396625,915.29916,0.074284,0.074284,0.00355,0,10,2,0.256667,77,0.291483
Brus-Buckler,Brus Buckler,Other,3,15,7,0.255217,0.268368,0,0.001431,0.001431,0.000676,0,2,8,1,3,0.006756
Brusco,Brusco,Other,2,16,7,0.301593,0.319404,0,0.006267,0.006267,0.000549,0,0,0,1,1,0.025124
Bryce-Caron,Bryce Caron,Other,5,21,6,0.315476,0.333774,1633.207192,0.012066,0.012066,0.001168,0,10,8,0.4,4,0.04834
Brynden-Rivers,Brynden Rivers,Other,2,17,6,0.295539,0.310566,0,0.004748,0.004748,0.000457,0,1,13,1,1,0.019612
Brynden-Tully,Brynden Tully,Tully,19,185,6,0.371495,0.403396,702.88597,0.06002,0.06002,0.002709,0,1,3,0.368421,63,0.238125
Bump,Bump,Other,1,5,7,0.236889,0.246634,0,0.000251,0.000251,0.000431,0,11,6,0,0,0.001315
Butterbumps,Butterbumps,Other,2,10,7,0.302396,0.319572,0,0.008971,0.008971,0.000427,0,10,17,1,1,0.034698
Byam-Flint,Byam Flint,Other,1,3,7,0.241495,0.252848,0,0.000468,0.000468,0.000332,0,11,6,0,0,0.002582
Caggo,Caggo,Other,5,24,8,0.230101,0.245752,794,0.000809,0.000809,0.001239,0,6,14,0.6,6,0.004982
Caleotte,Caleotte,Other,4,27,7,0.28628,0.302171,23.038931,0.006631,0.006631,0.000703,0,15,1,0.666667,4,0.026086
Camarron,Camarron,Other,1,3,8,0.217749,0.227001,0,0.000096,0.000096,0.000378,0,6,14,0,0,0.000679
Captain-Myraham,Captain Myraham,Other,1,4,7,0.29753,0.313681,0,0.003586,0.003586,0.000344,0,1,7,0,0,0.015207
Captain-Myraham-Daughter,Captain Myraham Daughter,Other,1,3,7,0.29753,0.313681,0,0.003586,0.003586,0.000344,0,1,7,0,0,0.015207
Catelyn-Stark,Catelyn Stark,Stark,75,1230,6,0.433479,0.487275,17350.514211,0.175885,0.175885,0.011187,0,1,3,0.138378,384,0.698868
Cayn,Cayn,Other,3,16,7,0.319021,0.334687,2.327778,0.012301,0.012301,0.00058,0,10,18,0.666667,2,0.048351
Cedra,Cedra,Other,2,13,8,0.228186,0.239412,0,0.000599,0.000599,0.000503,0,15,1,1,1,0.002903
Cedric-Payne,Cedric Payne,Other,1,3,8,0.252061,0.262838,0,0.00125,0.00125,0.000337,0,9,17,0,0,0.004881
Cellador,Cellador,Other,4,22,6,0.308618,0.329853,0.5,0.00698,0.00698,0.000722,0,11,6,0.666667,4,0.031876
Cersei-Lannister,Cersei Lannister,Lannister,97,2232,6,0.454545,0.512159,27996.39709,0.235779,0.235779,0.013362,0,10,12,0.131658,613,0.926552
Chataya,Chataya,Other,1,10,7,0.322777,0.340012,0,0.008803,0.008803,0.000316,0,10,2,0,0,0.034984
Chayle,Chayle,Other,2,7,6,0.295429,0.310356,0,0.0046,0.0046,0.000489,0,1,13,1,1,0.01888
Chella,Chella,Other,3,16,7,0.323434,0.341794,0,0.015068,0.015068,0.000554,0,10,2,1,3,0.059307
Chett,Chett,Other,7,54,6,0.315727,0.339769,30.262726,0.010265,0.010265,0.001193,0,11,6,0.714286,15,0.047859
Chiggen,Chiggen,Other,3,16,7,0.323302,0.341689,0,0.012194,0.012194,0.000575,0,10,2,1,3,0.048248
Chiswyck,Chiswyck,Other,13,56,7,0.333333,0.35932,13.499662,0.046936,0.046936,0.001641,0,0,5,0.897436,70,0.18135
Clarence-Crabb,Clarence Crabb,Other,1,4,7,0.277778,0.292989,0,0.00407,0.00407,0.000322,0,9,17,0,0,0.015894
Clayton-Suggs,Clayton Suggs,Other,3,15,6,0.312992,0.331237,0,0.007737,0.007737,0.000651,0,2,7,1,3,0.032224
Clement-Piper,Clement Piper,Other,2,7,7,0.311642,0.329572,0,0.008328,0.008328,0.000483,0,1,3,1,1,0.032605
Cleon,Cleon,Other,3,21,7,0.279241,0.298524,6.031818,0.002645,0.002645,0.000733,0,6,14,0.666667,2,0.012902
Cleos-Frey,Cleos Frey,Frey,7,86,6,0.357947,0.38566,6.164946,0.047966,0.047966,0.001083,0,9,17,0.952381,20,0.189169
Cletus-Yronwood,Cletus Yronwood,Other,5,23,7,0.279438,0.299781,248.39274,0.002844,0.002844,0.001078,0,6,14,0.6,6,0.014238
Cley-Cerwyn,Cley Cerwyn,Other,3,12,6,0.299887,0.316038,0,0.007982,0.007982,0.000597,0,1,13,1,3,0.032437
Clubfoot-Karl,Clubfoot Karl,Other,2,9,7,0.261427,0.278967,0,0.002026,0.002026,0.000466,0,11,6,1,1,0.010163
Clydas,Clydas,Other,7,88,6,0.330699,0.356478,70.117093,0.015282,0.015282,0.001153,0,11,6,0.571429,12,0.067326
Cohollo,Cohollo,Other,4,29,7,0.277875,0.297203,0,0.002992,0.002992,0.000784,0,6,14,1,6,0.014881
Coldhands,Coldhands,Other,4,20,6,0.297864,0.314759,5.018988,0.006031,0.006031,0.000719,0,1,13,0.666667,4,0.025589
Colemon,Colemon,Other,6,30,7,0.312746,0.332968,36.184183,0.014396,0.014396,0.001021,0,10,10,0.466667,7,0.056775
Colen-of-Greenpools,Colen of Greenpools,Other,2,9,7,0.311642,0.328691,0,0.010723,0.010723,0.000439,0,1,3,1,1,0.042196
Conn,Conn,Other,3,20,7,0.323434,0.341899,794,0.009383,0.009383,0.000886,0,10,2,0.333333,1,0.03741
Coratt,Coratt,Other,1,5,8,0.244465,0.252502,0,0.000328,0.000328,0.00044,0,10,2,0,0,0.001379
Corliss-Penny,Corliss Penny,Other,1,3,6,0.307901,0.324256,0,0.006371,0.006371,0.000319,0,2,8,0,0,0.025882
Cortnay-Penrose,Cortnay Penrose,Other,7,39,6,0.344156,0.366268,208.413087,0.026768,0.026768,0.001184,0,2,8,0.619048,13,0.106805
Cotter-Pyke,Cotter Pyke,Other,10,68,6,0.331526,0.358994,81.90972,0.018277,0.018277,0.0015,0,11,6,0.688889,31,0.081974
Craster,Craster,Other,15,193,6,0.318255,0.346646,1229.075139,0.013379,0.013379,0.002525,0,11,6,0.333333,35,0.064051
Creighton-Longbough,Creighton Longbough,Other,3,27,7,0.278069,0.294456,8.080952,0.004501,0.004501,0.000782,0,9,17,0.333333,1,0.017707
Cressen,Cressen,Other,9,84,6,0.337723,0.358281,111.25764,0.023438,0.023438,0.001427,0,2,8,0.555556,20,0.095397
Cromm,Cromm,Other,2,8,8,0.207247,0.214437,0,0.000071,0.000071,0.000637,0,7,7,1,1,0.000658
Cutjack,Cutjack,Other,3,10,7,0.255135,0.266951,1587,0.001405,0.001405,0.001248,0,0,0,0,0,0.005837
Daario-Naharis,Daario Naharis,Other,19,196,7,0.29876,0.327916,1725.855124,0.011193,0.011193,0.003018,0,6,14,0.391813,67,0.05484
Dacey-Mormont,Dacey Mormont,Other,3,11,6,0.312746,0.331111,0,0.012752,0.012752,0.000591,0,1,3,1,3,0.050902
Daemon-Sand,Daemon Sand,Other,2,6,7,0.274043,0.28732,0,0.004128,0.004128,0.000432,0,15,1,1,1,0.016297
Daenerys-Targaryen,Daenerys Targaryen,Targaryen,73,1608,6,0.383317,0.438302,37374.503118,0.063045,0.063045,0.013048,0,6,14,0.076484,201,0.27101
Daeron-I-Targaryen,Daeron I Targaryen,Targaryen,1,3,7,0.254889,0.266187,0,0.001018,0.001018,0.000328,0,2,8,0,0,0.00433
Daeron-II-Targaryen,Daeron II Targaryen,Targaryen,2,6,6,0.299661,0.318113,393.496947,0.003432,0.003432,0.000477,0,6,14,0,0,0.016169
Dagmer,Dagmer,Other,5,23,7,0.3053,0.326469,45.439427,0.00943,0.00943,0.001019,0,7,7,0.7,7,0.039745
Dalbridge,Dalbridge,Other,3,13,6,0.308618,0.329434,0,0.005743,0.005743,0.000653,0,11,6,1,3,0.026112
Dalla,Dalla,Other,6,51,6,0.328106,0.353103,11.082846,0.015986,0.015986,0.000987,0,11,6,0.8,12,0.069234
Damon-Dance-for-Me,Damon Dance for Me,Other,5,26,7,0.298872,0.317517,2.95,0.005784,0.005784,0.001068,0,1,7,0.8,8,0.02489
Dancy,Dancy,Other,1,3,8,0.247895,0.256968,0,0.000689,0.000689,0.000374,0,10,2,0,0,0.002729
Danwell-Frey,Danwell Frey,Frey,3,9,7,0.265709,0.278649,330.443005,0.001993,0.001993,0.000763,0,2,8,0.333333,1,0.008145
Dareon,Dareon,Other,6,53,6,0.326355,0.353606,970.791303,0.014399,0.014399,0.001172,0,11,6,0.466667,7,0.06282
Daryn-Hornwood,Daryn Hornwood,Other,2,6,7,0.313362,0.327916,0,0.007162,0.007162,0.000508,0,10,18,1,1,0.028397
Daven-Lannister,Daven Lannister,Lannister,3,18,7,0.311887,0.33041,0,0.010719,0.010719,0.000581,0,9,3,1,3,0.042073
Davos-Seaworth,Davos Seaworth,Other,33,483,6,0.352706,0.389748,7526.411338,0.043798,0.043798,0.006084,0,2,8,0.126894,67,0.178826
Denyo-Terys,Denyo Terys,Other,2,11,7,0.301593,0.319404,0,0.00626,0.00626,0.000564,0,0,0,1,1,0.025081
Denys-Darklyn,Denys Darklyn,Other,1,4,7,0.268219,0.279949,0,0.002361,0.002361,0.000338,0,10,14,0,0,0.009222
Denys-Mallister,Denys Mallister,Other,9,59,6,0.314727,0.34021,3.96147,0.013937,0.013937,0.001348,0,11,6,0.861111,31,0.063961
Denzo-Dhan,Denzo Dhan,Other,1,3,8,0.218767,0.228217,0,0.000103,0.000103,0.000386,0,6,14,0,0,0.000717
Desmond,Desmond,Other,2,7,7,0.323171,0.341186,0,0.012747,0.012747,0.000456,0,10,0,1,1,0.05067
Desmond-Grell,Desmond Grell,Other,4,30,6,0.313609,0.332893,1.008427,0.014958,0.014958,0.000732,0,1,3,0.833333,5,0.059501
Devan-Seaworth,Devan Seaworth,Other,6,55,6,0.334596,0.358952,103.561346,0.019362,0.019362,0.001022,0,2,8,0.666667,10,0.080744
Dick-Crabb,Dick Crabb,Other,5,39,7,0.320953,0.342612,807.1548,0.017831,0.017831,0.001034,0,9,17,0.4,4,0.069687
Dick-Follard,Dick Follard,Other,2,8,6,0.308618,0.329015,0,0.005395,0.005395,0.00047,0,11,6,1,1,0.024376
Dick-Straw,Dick Straw,Other,2,7,8,0.219069,0.229579,794,0.000111,0.000111,0.000844,0,6,14,0,0,0.000877
Dirk,Dirk,Other,2,10,7,0.261427,0.278967,0,0.002026,0.002026,0.000466,0,11,6,1,1,0.010163
Dobber,Dobber,Other,1,4,7,0.301479,0.318775,0,0.006041,0.006041,0.000325,0,0,0,0,0,0.024132
Dolf,Dolf,Other,1,10,8,0.245598,0.254305,0,0.000568,0.000568,0.000385,0,10,2,0,0,0.002299
Donal-Noye,Donal Noye,Other,8,85,6,0.332775,0.357778,75.87815,0.017514,0.017514,0.001327,0,11,6,0.642857,18,0.077234
Donella-Hornwood,Donella Hornwood,Other,7,28,6,0.305065,0.324235,70.726462,0.011972,0.011972,0.001247,0,1,13,0.380952,8,0.049166
Donnel-Waynwood,Donnel Waynwood,Other,1,3,7,0.302511,0.31909,0,0.006155,0.006155,0.000315,0,1,3,0,0,0.024404
Dontos-Hollard,Dontos Hollard,Other,9,103,6,0.352237,0.377505,147.804336,0.041663,0.041663,0.001328,0,10,4,0.5,18,0.163756
Doran-Martell,Doran Martell,Martell,21,203,6,0.360217,0.39174,4588.03101,0.052176,0.052176,0.003047,0,15,1,0.290476,61,0.207997
Dorcas,Dorcas,Other,6,41,7,0.314353,0.334247,1.643974,0.016599,0.016599,0.000906,0,10,12,0.733333,11,0.064419
Doreah,Doreah,Other,6,54,7,0.282717,0.303261,0.652273,0.005408,0.005408,0.000993,0,6,14,0.933333,14,0.026242
Draqaz,Draqaz,Other,1,3,8,0.217332,0.225952,0,0.000081,0.000081,0.000449,0,6,14,0,0,0.000527
Drennan,Drennan,Other,2,6,7,0.297641,0.31431,0,0.003721,0.003721,0.000572,0,1,7,1,1,0.015904
Drogo,Drogo,Other,21,307,6,0.331665,0.358197,3910.631713,0.014787,0.014787,0.003514,0,6,14,0.290476,61,0.068147
Dryn,Dryn,Other,1,3,7,0.237882,0.249045,0,0.000395,0.000395,0.000342,0,11,6,0,0,0.002185
Dunsen,Dunsen,Other,13,154,7,0.333333,0.35932,13.499662,0.046936,0.046936,0.001641,0,0,5,0.897436,70,0.18135
Dunstan-Drumm,Dunstan Drumm,Other,3,10,8,0.251026,0.265036,2.3171,0.000628,0.000628,0.000846,0,7,7,0.666667,2,0.003847
Dywen,Dywen,Other,8,55,6,0.315351,0.33956,174.514028,0.0099,0.0099,0.001339,0,11,6,0.714286,20,0.046941
Ebben,Ebben,Other,4,26,6,0.308738,0.330063,0.333333,0.00595,0.00595,0.000833,0,11,6,0.833333,5,0.027204
Eddard-Stark,Eddard Stark,Stark,74,1649,6,0.455849,0.502935,24849.124082,0.191659,0.191659,0.011485,0,10,18,0.151796,410,0.762321
Eddison-Tollett,Eddison Tollett,Other,20,154,6,0.319534,0.350524,986.911972,0.018728,0.018728,0.003002,0,11,6,0.378947,72,0.08859
Edmure-Tully,Edmure Tully,Tully,24,291,6,0.351304,0.384822,1092.20667,0.065629,0.065629,0.003388,0,1,3,0.297101,82,0.257961
Edric-Storm,Edric Storm,Other,6,44,6,0.334034,0.351992,508.387716,0.016182,0.016182,0.001127,0,2,8,0.533333,8,0.065752
Edwyn-Frey,Edwyn Frey,Frey,4,25,7,0.312377,0.331668,0.326923,0.01165,0.01165,0.000722,0,9,3,0.833333,5,0.04586
Elbert-Arryn,Elbert Arryn,Arryn,1,3,7,0.268219,0.279949,0,0.002361,0.002361,0.000338,0,10,14,0,0,0.009222
Elder-Brother,Elder Brother,Other,3,11,7,0.277972,0.294247,0,0.004453,0.004453,0.000685,0,9,17,1,3,0.017567
Eldon-Estermont,Eldon Estermont,Other,2,6,7,0.240036,0.248631,794,0.000423,0.000423,0.000857,0,10,8,0,0,0.001846
Elia-Martell,Elia Martell,Martell,9,56,7,0.343116,0.370347,852.172,0.040091,0.040091,0.001457,0,10,14,0.583333,21,0.157132
Elinor-Tyrell,Elinor Tyrell,Tyrell,5,44,7,0.304364,0.324289,9.959764,0.011692,0.011692,0.000854,0,13,12,0.7,7,0.045391
Ellaria-Sand,Ellaria Sand,Other,6,24,7,0.334174,0.357287,312.078069,0.022007,0.022007,0.000972,0,10,1,0.733333,11,0.087091
Elmar-Frey,Elmar Frey,Frey,9,45,6,0.341495,0.369686,33.267103,0.043214,0.043214,0.001325,0,1,3,0.861111,31,0.170513
Elys-Waynwood,Elys Waynwood,Other,1,4,8,0.217035,0.223302,0,0.000098,0.000098,0.000509,0,4,10,0,0,0.000452
Emmett,Emmett,Other,5,34,6,0.310911,0.33327,7.022411,0.009007,0.009007,0.000908,0,11,6,0.6,6,0.040001
Emmon-Cuy,Emmon Cuy,Other,3,14,7,0.29057,0.308628,5.341359,0.009007,0.009007,0.000623,0,9,17,0.666667,2,0.035192
Emmon-Frey,Emmon Frey,Frey,8,44,7,0.316229,0.338503,146.510098,0.019945,0.019945,0.00133,0,9,3,0.5,14,0.078203
Emmond,Emmond,Other,1,4,8,0.238452,0.248561,0,0.000249,0.000249,0.000409,0,7,7,0,0,0.001412
Emrick,Emrick,Other,3,12,7,0.238238,0.250755,0,0.000621,0.000621,0.000672,0,11,6,1,3,0.003632
Eon-Hunter,Eon Hunter,Other,3,9,7,0.303088,0.320872,0,0.009999,0.009999,0.000574,0,10,10,1,3,0.03945
Eroeh,Eroeh,Other,1,8,7,0.277197,0.294582,0,0.002206,0.002206,0.00034,0,6,14,0,0,0.010346
Errok,Errok,Other,3,14,6,0.308498,0.329224,0.333333,0.005548,0.005548,0.000667,0,11,6,0.666667,2,0.025096
Euron-Greyjoy,Euron Greyjoy,Greyjoy,13,158,7,0.313115,0.33737,2526.461243,0.006743,0.006743,0.003152,0,7,7,0.282051,22,0.031013
Eustace-Brune,Eustace Brune,Other,1,3,8,0.243045,0.252284,0,0.000624,0.000624,0.000364,0,9,17,0,0,0.002464
Ezzara,Ezzara,Other,1,3,7,0.277197,0.294582,0,0.002206,0.002206,0.00034,0,6,14,0,0,0.010346
Falyse-Stokeworth,Falyse Stokeworth,Other,4,34,7,0.315476,0.334666,1.7404,0.01324,0.01324,0.000709,0,10,2,0.666667,4,0.051477
Farlen,Farlen,Other,1,6,7,0.29753,0.313681,0,0.003586,0.003586,0.000344,0,1,7,0,0,0.015207
Florian-the-Fool,Florian the Fool,Other,2,11,7,0.302511,0.319781,794,0.007212,0.007212,0.000726,0,12,16,0,0,0.02805
Fogo,Fogo,Other,1,4,8,0.199648,0.205271,0,0.000019,0.000019,0.000469,0,6,14,0,0,0.000223
Forley-Prester,Forley Prester,Other,2,6,7,0.260314,0.273399,0,0.002995,0.002995,0.00045,0,9,3,1,1,0.011752
Franklyn-Flowers,Franklyn Flowers,Other,3,10,7,0.260229,0.272225,794,0.002047,0.002047,0.000844,0,16,14,0.333333,1,0.008703
Franklyn-Fowler,Franklyn Fowler,Other,1,3,8,0.228055,0.238573,0,0.00043,0.00043,0.000351,0,15,1,0,0,0.002032
Frenken,Frenken,Other,1,4,8,0.244691,0.252775,0,0.000352,0.000352,0.000422,0,10,17,0,0,0.001463
Frenya,Frenya,Other,2,9,7,0.297641,0.31431,0,0.003773,0.003773,0.000525,0,1,7,1,1,0.016109
Fulk,Fulk,Other,2,9,6,0.308379,0.328595,0,0.005338,0.005338,0.000471,0,11,6,1,1,0.02403
Galazza-Galare,Galazza Galare,Other,6,57,7,0.290358,0.312108,24.252131,0.006656,0.006656,0.001084,0,6,14,0.733333,11,0.030007
Galbart-Glover,Galbart Glover,Other,8,34,6,0.345202,0.367526,298.668713,0.027741,0.027741,0.001283,0,1,3,0.464286,13,0.110675
Galyeon-of-Cuy,Galyeon of Cuy,Other,1,3,7,0.322777,0.340012,0,0.008803,0.008803,0.000316,0,10,2,0,0,0.034984
Gared,Gared,Other,3,29,6,0.271238,0.285262,322.228089,0.001555,0.001555,0.000841,0,18,6,0.333333,1,0.007372
Garin-(orphan),Garin (orphan),Other,9,63,7,0.278361,0.295966,251.992233,0.004816,0.004816,0.001605,0,15,1,0.444444,16,0.020211
Gariss,Gariss,Other,2,8,8,0.21217,0.219768,794,0.000058,0.000058,0.001052,0,1,7,0,0,0.000453
Garlan-Tyrell,Garlan Tyrell,Tyrell,7,44,7,0.33601,0.360054,795.087249,0.037355,0.037355,0.001169,0,10,4,0.666667,14,0.145616
Garrett-Paege,Garrett Paege,Other,1,3,7,0.311398,0.328733,0,0.007921,0.007921,0.000319,0,9,11,0,0,0.030959
Garth-(Wolfs-Den),Garth (Wolfs Den),Other,2,7,7,0.264823,0.279194,0,0.002127,0.002127,0.000513,0,2,8,1,1,0.008968
Garth-Greyfeather,Garth Greyfeather,Other,3,11,6,0.308738,0.329644,0,0.005549,0.005549,0.000691,0,0,0,1,3,0.024867
Garth-Tyrell,Garth Tyrell,Tyrell,1,3,7,0.312623,0.329425,0,0.008251,0.008251,0.000306,0,10,12,0,0,0.032093
Gawen-Westerling,Gawen Westerling,Other,2,6,7,0.251026,0.262363,0.833333,0.00112,0.00112,0.000512,0,2,8,0,0,0.004619
Gelmarr,Gelmarr,Other,1,3,8,0.212057,0.218929,0,0.000058,0.000058,0.000512,0,1,7,0,0,0.000367
Gendel,Gendel,Other,2,6,6,0.308379,0.328595,0,0.005228,0.005228,0.000574,0,11,6,1,1,0.023353
Gendry,Gendry,Other,20,238,6,0.341788,0.369853,3934.637105,0.040039,0.040039,0.003237,0,0,0,0.273684,52,0.159049
Genna-Lannister,Genna Lannister,Lannister,3,15,7,0.314602,0.333681,0,0.01421,0.01421,0.000576,0,9,3,1,3,0.055448
Gerald-Gower,Gerald Gower,Other,1,3,8,0.208552,0.215476,0,0.000074,0.000074,0.000437,0,2,8,0,0,0.000419
Gerold-Dayne,Gerold Dayne,Other,5,34,7,0.282616,0.298985,2.882984,0.006219,0.006219,0.000866,0,15,1,0.8,8,0.024845
Gerold-Grafton,Gerold Grafton,Other,1,3,9,0.202961,0.209695,0,0.000053,0.000053,0.000466,0,10,10,0,0,0.000314
Gerold-Hightower,Gerold Hightower,Other,8,34,6,0.34223,0.364004,2649.823679,0.027488,0.027488,0.001527,0,5,14,0.464286,13,0.108895
Gerrick-Kingsblood,Gerrick Kingsblood,Other,2,8,6,0.308498,0.328805,794,0.005052,0.005052,0.000768,0,11,6,0,0,0.022531
Gerris-Drinkwater,Gerris Drinkwater,Other,9,100,7,0.293142,0.317412,838.582808,0.006724,0.006724,0.00174,0,6,14,0.527778,19,0.031293
Ghael,Ghael,Other,2,13,7,0.277293,0.295211,0,0.002299,0.002299,0.000548,0,6,14,1,1,0.010945
Gilly,Gilly,Other,14,216,6,0.317746,0.346457,355.164774,0.014631,0.014631,0.002198,0,11,6,0.318681,29,0.0683
Gilwood-Hunter,Gilwood Hunter,Other,5,22,7,0.275087,0.290809,86.921548,0.003797,0.003797,0.000957,0,10,10,0.5,5,0.015251
Godric-Borrell,Godric Borrell,Other,1,9,7,0.260827,0.273932,0,0.001533,0.001533,0.000345,0,2,8,0,0,0.006508
Godry-Farring,Godry Farring,Other,7,29,6,0.333054,0.358407,318.921138,0.016023,0.016023,0.001262,0,2,7,0.52381,11,0.069213
Goghor-the-Giant,Goghor the Giant,Other,4,22,8,0.227924,0.242104,0.333333,0.000622,0.000622,0.000872,0,6,14,0.833333,5,0.003943
Gormon-Tyrell,Gormon Tyrell,Tyrell,1,3,9,0.150511,0.154791,0,0,0,0.000601,0,14,6,0,0,0.000107
Gormond-Goodbrother,Gormond Goodbrother,Other,1,6,8,0.238452,0.248561,0,0.000249,0.000249,0.000409,0,7,7,0,0,0.001412
Gorne,Gorne,Other,2,6,6,0.308379,0.328595,0,0.005228,0.005228,0.000574,0,11,6,1,1,0.023353
Gorold-Goodbrother,Gorold Goodbrother,Other,2,13,8,0.250868,0.264197,0,0.000578,0.000578,0.000631,0,7,7,1,1,0.003377
Grazdan-mo-Eraz,Grazdan mo Eraz,Other,1,3,8,0.219674,0.228217,0,0.000125,0.000125,0.000389,0,6,14,0,0,0.000754
Grazhar,Grazhar,Other,3,12,7,0.279634,0.294855,11.875451,0.003766,0.003766,0.000666,0,6,14,0.333333,1,0.015792
Greenbeard,Greenbeard,Other,7,44,7,0.304714,0.326008,1.806548,0.011369,0.011369,0.001123,0,0,0,0.761905,16,0.045777
Gregor-Clegane,Gregor Clegane,Clegane,33,410,6,0.379838,0.418679,1731.427412,0.122881,0.122881,0.004142,0,0,5,0.390152,206,0.479039
Grenn,Grenn,Other,15,265,6,0.316733,0.344801,149.81647,0.014396,0.014396,0.002246,0,11,6,0.447619,47,0.068704
Gretchel,Gretchel,Other,4,21,7,0.304015,0.322884,3.795424,0.00951,0.00951,0.000739,0,10,10,0.833333,5,0.037201
Grey-Worm,Grey Worm,Other,8,59,7,0.294772,0.317161,10.290446,0.008401,0.008401,0.001262,0,6,14,0.785714,22,0.039308
Greydon-Goodbrother,Greydon Goodbrother,Other,1,4,8,0.238452,0.248561,0,0.000249,0.000249,0.000409,0,7,7,0,0,0.001412
Grigg,Grigg,Other,3,15,6,0.308498,0.329224,0.333333,0.005562,0.005562,0.000665,0,11,6,0.666667,2,0.025134
Grimtongue,Grimtongue,Other,4,17,7,0.261084,0.274205,401.220844,0.000989,0.000989,0.001076,0,7,7,0.5,3,0.005038
Grisel,Grisel,Other,1,3,7,0.2869,0.302276,0,0.005353,0.005353,0.000307,0,10,10,0,0,0.020781
Groleo,Groleo,Other,6,34,7,0.290252,0.311899,11.282126,0.006767,0.006767,0.001024,0,6,14,0.8,12,0.030882
Grunt,Grunt,Other,3,13,7,0.297753,0.314939,0,0.003997,0.003997,0.000704,0,1,7,1,3,0.017255
Guncer-Sunglass,Guncer Sunglass,Other,2,7,6,0.274991,0.291006,0,0.002992,0.002992,0.000476,0,2,8,1,1,0.012949
Gunthor-son-of-Gurn,Gunthor son of Gurn,Other,1,7,7,0.322777,0.340012,0,0.008803,0.008803,0.000316,0,10,2,0,0,0.034984
Guyard-Morrigen,Guyard Morrigen,Other,2,12,7,0.285151,0.299949,0,0.004991,0.004991,0.000511,0,10,8,1,1,0.019552
Gyles-Grafton,Gyles Grafton,Other,2,8,8,0.254481,0.267324,0,0.001513,0.001513,0.000604,0,10,10,1,1,0.00612
Gyles-Rosby,Gyles Rosby,Other,18,101,7,0.339453,0.369173,131.119297,0.059532,0.059532,0.002327,0,10,12,0.411765,63,0.231294
Gynir,Gynir,Other,2,7,8,0.232728,0.242841,25.438095,0.000239,0.000239,0.000714,0,1,7,0,0,0.001301
Hagen,Hagen,Other,6,21,7,0.261255,0.275463,410.220844,0.001048,0.001048,0.00155,0,7,7,0.4,6,0.005539
Haggo,Haggo,Other,6,45,7,0.278069,0.298461,0.983333,0.003331,0.003331,0.001079,0,6,14,0.733333,11,0.017056
Haggon,Haggon,Other,1,8,7,0.236889,0.246634,0,0.000251,0.000251,0.000431,0,11,6,0,0,0.001315
Hairy-Hal,Hairy Hal,Other,3,11,6,0.308738,0.329644,0,0.005549,0.005549,0.000691,0,0,0,1,3,0.024867
Hake,Hake,Other,1,4,6,0.308259,0.327966,0,0.005045,0.005045,0.00033,0,11,6,0,0,0.022418
Halder,Halder,Other,8,62,6,0.312255,0.336583,13.927312,0.009795,0.009795,0.00131,0,11,6,0.678571,19,0.045757
Haldon,Haldon,Other,11,135,7,0.326489,0.349299,90.056877,0.014405,0.014405,0.001807,0,16,14,0.454545,25,0.059418
Hali,Hali,Other,1,3,6,0.295319,0.309727,0,0.004288,0.004288,0.00032,0,1,13,0,0,0.017459
Hallis-Mollen,Hallis Mollen,Other,6,46,6,0.325953,0.349581,37.249997,0.022694,0.022694,0.001024,0,1,3,0.8,12,0.092153
Hallyne,Hallyne,Other,2,8,7,0.327295,0.34584,0,0.016305,0.016305,0.000426,0,10,2,1,1,0.064106
Halys-Hornwood,Halys Hornwood,Other,1,3,7,0.287419,0.300389,0,0.003276,0.003276,0.000314,0,1,13,0,0,0.013156
Hareth-(Moles-Town),Hareth (Moles Town),Other,11,60,6,0.3097,0.334675,695.437837,0.00714,0.00714,0.001987,0,11,6,0.309091,17,0.033909
Harl,Harl,Other,1,3,8,0.230435,0.239373,0,0.000145,0.000145,0.000407,0,1,7,0,0,0.000822
Harma,Harma,Other,8,39,6,0.31079,0.334633,12.328571,0.008719,0.008719,0.001441,0,11,6,0.678571,19,0.040778
Harra,Harra,Other,2,7,7,0.301593,0.319404,0,0.00626,0.00626,0.000564,0,0,0,1,1,0.025081
Harras-Harlaw,Harras Harlaw,Other,1,3,8,0.250315,0.262311,0,0.000329,0.000329,0.00041,0,7,7,0,0,0.001965
Harren-Hoare,Harren Hoare,Other,3,16,7,0.313981,0.330767,24.197605,0.007827,0.007827,0.000634,0,0,0,0.666667,2,0.031686
Harrold-Hardyng,Harrold Hardyng,Other,3,13,8,0.254889,0.268792,2.666984,0.002233,0.002233,0.000626,0,10,10,0.666667,2,0.009027
Harry-Strickland,Harry Strickland,Other,3,31,7,0.260144,0.272016,1.685714,0.002088,0.002088,0.000709,0,16,14,0.666667,2,0.008883
Harwin,Harwin,Other,11,71,7,0.32797,0.351459,113.026387,0.026943,0.026943,0.001626,0,0,18,0.490909,27,0.106793
Harwood-Stout,Harwood Stout,Other,1,5,7,0.29753,0.313681,0,0.003586,0.003586,0.000344,0,1,7,0,0,0.015207
Harys-Swyft,Harys Swyft,Other,9,42,6,0.345803,0.369916,26.169348,0.036592,0.036592,0.001252,0,10,12,0.722222,26,0.143064
Hayhead,Hayhead,Other,2,9,6,0.295429,0.310356,0,0.004471,0.004471,0.000497,0,1,13,1,1,0.018322
Helman-Tallhart,Helman Tallhart,Other,4,13,6,0.296089,0.312013,42.935278,0.005953,0.005953,0.000768,0,2,13,0.166667,1,0.023422
Hero,Hero,Other,4,24,7,0.277681,0.296888,0,0.003161,0.003161,0.000751,0,6,14,1,6,0.015801
Heward,Heward,Other,2,8,7,0.286693,0.299131,0,0.003563,0.003563,0.000475,0,10,18,1,1,0.014184
High-Septon-(fat_one),High Septon (fat one),Other,3,12,7,0.334737,0.355379,0,0.023012,0.023012,0.000557,0,10,18,1,3,0.090645
High-Septon-(Tyrions),High Septon (Tyrions),Other,4,24,7,0.332915,0.354289,0,0.028451,0.028451,0.000659,0,10,10,1,6,0.111156
High-Sparrow,High Sparrow,Other,8,76,7,0.315476,0.336763,11.889519,0.021973,0.021973,0.001207,0,10,12,0.535714,15,0.085118
Hizdahr-zo-Loraq,Hizdahr zo Loraq,Other,22,292,7,0.294663,0.325903,1871.069071,0.010198,0.010198,0.003721,0,6,14,0.25974,60,0.050159
Hobb,Hobb,Other,11,49,6,0.317112,0.343836,27.453815,0.015585,0.015585,0.001638,0,11,6,0.545455,30,0.071121
Hobber-Redwyne,Hobber Redwyne,Other,1,7,8,0.232592,0.240292,0,0.000263,0.000263,0.000493,0,8,9,0,0,0.001064
Hodor,Hodor,Other,11,383,6,0.314976,0.338386,67.378888,0.022029,0.022029,0.001659,0,1,13,0.563636,31,0.090462
Holly,Holly,Other,4,23,7,0.301136,0.318817,2.759175,0.005346,0.005346,0.000856,0,1,7,0.666667,4,0.022568
Hop-Robin,Hop Robin,Other,3,13,6,0.308738,0.329644,0,0.00561,0.00561,0.000638,0,11,6,1,3,0.025398
Horas-Redwyne,Horas Redwyne,Other,2,10,7,0.302973,0.319572,794,0.007511,0.007511,0.000717,0,8,9,0,0,0.029237
Horton-Redfort,Horton Redfort,Other,4,21,8,0.235556,0.247294,0.583333,0.001115,0.001115,0.000813,0,10,10,0.666667,4,0.004781
Hosteen-Frey,Hosteen Frey,Frey,4,17,7,0.267137,0.280788,305.715996,0.001829,0.001829,0.000969,0,2,8,0.333333,2,0.00791
Hoster-Blackwood,Hoster Blackwood,Other,1,4,7,0.311398,0.328733,0,0.007921,0.007921,0.000319,0,9,11,0,0,0.030959
Hoster-Tully,Hoster Tully,Tully,10,90,6,0.344007,0.367086,109.690381,0.036162,0.036162,0.001475,0,1,3,0.555556,25,0.142964
Hot-Pie,Hot Pie,Other,11,195,7,0.306005,0.329215,959.53321,0.01401,0.01401,0.001859,0,0,0,0.4,22,0.056657
Hother-Umber,Hother Umber,Other,4,16,7,0.276522,0.292381,13.559258,0.004493,0.004493,0.000791,0,2,13,0.166667,1,0.018763
Hotho-Harlaw,Hotho Harlaw,Other,4,16,8,0.250947,0.264994,186.659614,0.000617,0.000617,0.001104,0,7,7,0.666667,4,0.003909
Howland-Reed,Howland Reed,Other,2,6,6,0.320565,0.336771,0,0.010995,0.010995,0.000452,0,10,13,1,1,0.043998
Hugh,Hugh,Other,1,3,7,0.276907,0.288796,0,0.002786,0.002786,0.000322,0,10,10,0,0,0.010854
Hugh-Hungerford,Hugh Hungerford,Other,1,3,9,0.179742,0.185525,0,0.000004,0.000004,0.000547,0,6,14,0,0,0.000128
Hugo-Vance,Hugo Vance,Other,1,3,7,0.311398,0.328733,0,0.007921,0.007921,0.000319,0,9,11,0,0,0.030959
Hullen,Hullen,Other,6,20,6,0.315226,0.336205,14.660618,0.019599,0.019599,0.000944,0,1,18,0.666667,10,0.079048
Humfrey-Hewett,Humfrey Hewett,Other,2,7,8,0.25071,0.263527,0,0.000565,0.000565,0.000616,0,7,7,1,1,0.003313
Husband,Husband,Other,2,7,8,0.246206,0.258163,0,0.001473,0.001473,0.00046,0,0,0,1,1,0.006058
Hyle-Hunt,Hyle Hunt,Other,7,59,6,0.326221,0.349916,90.234003,0.024297,0.024297,0.001128,0,9,17,0.52381,11,0.095015
Illifer,Illifer,Other,2,23,7,0.277972,0.293827,0,0.004227,0.004227,0.000543,0,9,17,1,1,0.016591
Illyrio-Mopatis,Illyrio Mopatis,Other,12,138,6,0.346556,0.371488,379.53078,0.023549,0.023549,0.001813,0,6,14,0.469697,31,0.099165
Ilyn-Payne,Ilyn Payne,Other,22,268,6,0.365685,0.4,282.570179,0.094929,0.094929,0.002747,0,0,5,0.5671,131,0.369682
Imry-Florent,Imry Florent,Other,1,3,7,0.260827,0.273932,0,0.001533,0.001533,0.000345,0,2,8,0,0,0.006508
Irri,Irri,Other,15,220,7,0.284436,0.310599,313.366438,0.008326,0.008326,0.002254,0,6,14,0.485714,51,0.042265
Jacelyn-Bywater,Jacelyn Bywater,Other,9,55,6,0.338298,0.361509,4.788074,0.042783,0.042783,0.00123,0,10,15,0.722222,26,0.167153
Jack-Be-Lucky,Jack Be Lucky,Other,1,5,8,0.24613,0.257534,0,0.000929,0.000929,0.000324,0,0,0,0,0,0.003801
Jack-Bulwer,Jack Bulwer,Other,5,19,6,0.311642,0.334172,48.359113,0.00885,0.00885,0.000971,0,0,0,0.4,4,0.037763
Jacks,Jacks,Other,1,4,7,0.313239,0.327287,0,0.006707,0.006707,0.00032,0,10,18,0,0,0.026539
Jaehaerys-I-Targaryen,Jaehaerys I Targaryen,Targaryen,1,3,8,0.242526,0.251789,0,0.000871,0.000871,0.000339,0,10,12,0,0,0.003358
Jafer-Flowers,Jafer Flowers,Other,1,3,7,0.237882,0.247358,0,0.00031,0.00031,0.00037,0,11,6,0,0,0.00153
Jaime-Lannister,Jaime Lannister,Lannister,101,1569,6,0.451961,0.511572,31825.987272,0.226345,0.226345,0.015461,0,9,11,0.108515,548,0.890986
Jalabhar-Xho,Jalabhar Xho,Other,5,16,7,0.313733,0.332989,254.650776,0.012675,0.012675,0.000857,0,10,12,0.5,5,0.049252
Janos-Slynt,Janos Slynt,Other,23,196,5,0.381844,0.416017,2266.9684,0.081741,0.081741,0.003132,0,11,6,0.403162,102,0.331564
Jaqen-Hghar,Jaqen Hghar,Other,6,64,7,0.304598,0.325064,8.877518,0.011011,0.011011,0.000996,0,0,0,0.6,9,0.04439
Jared-Frey,Jared Frey,Frey,3,9,8,0.219613,0.228315,1.916667,0.000182,0.000182,0.000856,0,2,8,0.333333,1,0.001061
Jaremy-Rykker,Jaremy Rykker,Other,5,30,6,0.312009,0.333878,794.9,0.008861,0.008861,0.001068,0,11,6,0.5,5,0.039424
Jarl,Jarl,Other,8,68,6,0.310304,0.333795,6.522222,0.009219,0.009219,0.001376,0,11,6,0.607143,17,0.042679
Jarman-Buckwell,Jarman Buckwell,Other,3,14,6,0.31152,0.332201,0,0.006879,0.006879,0.000622,0,11,6,1,3,0.031148
Jason-Mallister,Jason Mallister,Other,3,12,7,0.313981,0.33475,20.537597,0.010337,0.010337,0.000631,0,1,3,0.666667,2,0.042003
Jeor-Mormont,Jeor Mormont,Other,28,484,5,0.371322,0.407254,5450.116868,0.042284,0.042284,0.004335,0,11,6,0.23545,89,0.184328
Jeyne-Farman,Jeyne Farman,Other,1,4,8,0.246359,0.255332,0,0.000577,0.000577,0.0004,0,10,12,0,0,0.002286
Jeyne-Heddle,Jeyne Heddle,Other,1,4,7,0.277778,0.292989,0,0.00407,0.00407,0.000322,0,9,17,0,0,0.015894
Jeyne-Poole,Jeyne Poole,Other,13,112,6,0.348837,0.374277,545.036984,0.039347,0.039347,0.001966,0,1,7,0.333333,26,0.156445
Jeyne-Westerling,Jeyne Westerling,Other,5,49,6,0.313981,0.33369,320.410029,0.015014,0.015014,0.000917,0,1,8,0.6,6,0.059954
Jhiqui,Jhiqui,Other,12,183,7,0.283221,0.307245,22.668106,0.006468,0.006468,0.001835,0,6,14,0.590909,39,0.033938
Jhogo,Jhogo,Other,12,131,7,0.295429,0.319991,52.201862,0.009324,0.009324,0.001848,0,6,14,0.560606,37,0.044442
Joanna-Lannister,Joanna Lannister,Lannister,1,4,7,0.291529,0.305819,0,0.005591,0.005591,0.000305,0,10,9,0,0,0.02171
Jocelyn-Swyft,Jocelyn Swyft,Other,5,31,7,0.313857,0.332989,0.578571,0.014796,0.014796,0.00078,0,10,12,0.7,7,0.057335
Joffrey-Baratheon,Joffrey Baratheon,Baratheon,69,1762,6,0.433952,0.485367,10023.529108,0.214379,0.214379,0.008865,0,10,9,0.219523,515,0.844433
Jojen-Reed,Jojen Reed,Other,10,261,6,0.306122,0.328679,85.720716,0.013253,0.013253,0.001552,0,1,13,0.488889,22,0.057335
Jommo,Jommo,Other,2,6,7,0.249294,0.259919,0,0.000536,0.000536,0.000611,0,6,14,1,1,0.002993
Jon-Arryn,Jon Arryn,Arryn,17,199,6,0.382764,0.415178,2781.115147,0.079629,0.079629,0.002673,0,10,10,0.558824,76,0.314431
Jon-Connington,Jon Connington,Other,16,169,6,0.350375,0.377589,4005.099635,0.033735,0.033735,0.002775,0,16,14,0.316667,38,0.136491
Jon-Fossoway,Jon Fossoway,Other,1,3,7,0.250868,0.259626,0,0.000881,0.000881,0.000332,0,10,17,0,0,0.003519
Jon-Snow,Jon Snow,Jon-Snow,114,2757,5,0.445378,0.513082,60635.833766,0.144182,0.144182,0.019,0,11,6,0.066294,427,0.610959
Jon-Umber-(Greatjon),Jon Umber (Greatjon),Other,14,102,6,0.335726,0.363648,429.540626,0.034921,0.034921,0.002212,0,1,3,0.362637,33,0.140318
Jon-Umber-(Smalljon),Jon Umber (Smalljon),Other,2,9,6,0.307901,0.323543,0,0.007283,0.007283,0.00045,0,1,3,1,1,0.029278
Jonos-Bracken,Jonos Bracken,Other,2,12,7,0.311642,0.329572,0,0.008517,0.008517,0.00048,0,9,3,1,1,0.033351
Jonothor-Darry,Jonothor Darry,Other,2,6,8,0.203898,0.209846,0,0.000077,0.000077,0.000664,0,5,14,1,1,0.000531
Jonquil,Jonquil,Other,1,8,8,0.23232,0.240292,0,0.000252,0.000252,0.000497,0,12,16,0,0,0.001029
Jorah-Mormont,Jorah Mormont,Other,26,401,6,0.355228,0.38717,3417.093467,0.031713,0.031713,0.003819,0,6,14,0.283077,92,0.137809
Joramun,Joramun,Other,2,10,7,0.273196,0.289425,0,0.003243,0.003243,0.000447,0,11,6,1,1,0.014623
Jory-Cassel,Jory Cassel,Cassel,21,152,6,0.401515,0.434969,1539.60163,0.084117,0.084117,0.003021,0,10,18,0.447619,94,0.336417
Joseth,Joseth,Other,2,7,6,0.295429,0.310356,0,0.006377,0.006377,0.000443,0,1,13,1,1,0.026089
Josmyn-Peckledon,Josmyn Peckledon,Other,2,23,7,0.31152,0.329362,0,0.008586,0.008586,0.000482,0,9,2,1,1,0.03361
Joss,Joss,Other,1,5,7,0.313239,0.327287,0,0.006707,0.006707,0.00032,0,10,18,0,0,0.026539
Joy-Hill,Joy Hill,Other,1,3,7,0.311398,0.328733,0,0.007921,0.007921,0.000319,0,9,11,0,0,0.030959
Justin-Massey,Justin Massey,Other,5,40,6,0.313239,0.332495,15.159524,0.008231,0.008231,0.001055,0,7,7,0.6,6,0.03443
Jyck,Jyck,Other,2,11,7,0.322908,0.340641,0,0.009122,0.009122,0.00055,0,10,2,1,1,0.036314
Karyl-Vance,Karyl Vance,Other,4,15,7,0.3125,0.331878,6.606011,0.011641,0.011641,0.000772,0,1,3,0.5,3,0.045564
Kasporio,Kasporio,Other,3,9,7,0.324093,0.342423,0,0.009728,0.009728,0.000642,0,10,14,1,3,0.039092
Kedry,Kedry,Other,2,6,8,0.22957,0.242922,0,0.000458,0.000458,0.000531,0,6,14,1,1,0.002724
Kegs,Kegs,Other,7,29,6,0.309459,0.332579,3.114588,0.007492,0.007492,0.001151,0,11,6,0.714286,15,0.035479
Kella,Kella,Other,1,3,7,0.302281,0.318943,0,0.007203,0.007203,0.000304,0,10,16,0,0,0.027936
Kerwin,Kerwin,Other,1,12,8,0.250315,0.262311,0,0.000329,0.000329,0.00041,0,7,7,0,0,0.001965
Kevan-Lannister,Kevan Lannister,Lannister,17,196,6,0.362682,0.393375,597.556448,0.073664,0.073664,0.002385,0,10,17,0.507353,69,0.288012
Khorane-Sathmantes,Khorane Sathmantes,Other,3,11,6,0.3097,0.328029,0,0.008263,0.008263,0.000634,0,2,8,1,3,0.034007
Khrazz,Khrazz,Other,5,28,7,0.280324,0.297161,235.948348,0.004045,0.004045,0.001013,0,6,14,0.6,6,0.017729
Kindly-Man,Kindly Man,Other,2,30,7,0.301593,0.319404,0,0.00626,0.00626,0.000564,0,0,0,1,1,0.025081
Kojja-Mo,Kojja Mo,Other,2,15,7,0.261084,0.278443,0,0.00207,0.00207,0.000457,0,11,6,1,1,0.010282
Koss,Koss,Other,2,8,7,0.302052,0.319928,0,0.007741,0.007741,0.000451,0,0,0,1,1,0.031157
Kraznys-mo-Nakloz,Kraznys mo Nakloz,Other,2,19,7,0.277293,0.295211,0,0.002449,0.002449,0.000488,0,6,14,1,1,0.011679
Kurleket,Kurleket,Other,1,5,7,0.322777,0.340012,0,0.008803,0.008803,0.000316,0,10,2,0,0,0.034984
Kurz,Kurz,Other,1,4,8,0.203325,0.20922,0,0.000049,0.000049,0.000542,0,0,0,0,0,0.000303
Kyra,Kyra,Other,1,4,7,0.29753,0.313681,0,0.003586,0.003586,0.000344,0,1,7,0,0,0.015207
Lambert-Turnberry,Lambert Turnberry,Other,3,9,8,0.239891,0.250112,0.333333,0.001382,0.001382,0.000627,0,10,12,0.666667,2,0.005527
Lamprey,Lamprey,Other,4,19,7,0.268219,0.283744,0.333333,0.002751,0.002751,0.000823,0,2,8,0.833333,5,0.012042
Lancel-Lannister,Lancel Lannister,Lannister,12,149,6,0.352706,0.379916,164.196334,0.058371,0.058371,0.001665,0,10,15,0.590909,39,0.227873
Lanna-(Happy-Port),Lanna (Happy Port),Other,1,4,7,0.24613,0.257469,0,0.000504,0.000504,0.000354,0,11,6,0,0,0.002374
Lark,Lark,Other,6,30,6,0.314976,0.338092,817.119869,0.008618,0.008618,0.001191,0,11,6,0.6,9,0.039885
Larraq,Larraq,Other,1,3,7,0.279045,0.292863,0,0.003433,0.003433,0.000315,0,6,14,0,0,0.01389
Leaf,Leaf,Other,2,11,6,0.295539,0.310566,0,0.004748,0.004748,0.000457,0,1,13,1,1,0.019612
Leathers,Leathers,Other,5,37,6,0.309218,0.331321,7.166667,0.006115,0.006115,0.000994,0,11,6,0.5,5,0.028241
Lem,Lem,Other,15,155,7,0.326355,0.35519,1872.437317,0.026562,0.026562,0.002389,0,0,0,0.380952,40,0.10538
Lemore,Lemore,Other,7,54,7,0.324755,0.345463,0.642857,0.01267,0.01267,0.001175,0,16,14,0.952381,20,0.051553
Leo-Lefford,Leo Lefford,Other,1,4,7,0.322777,0.340012,0,0.008803,0.008803,0.000316,0,10,2,0,0,0.034984
Leo-Tyrell,Leo Tyrell,Tyrell,5,24,7,0.262203,0.28186,1643.409451,0.001681,0.001681,0.001221,0,14,6,0.6,6,0.00896
Leobald-Tallhart,Leobald Tallhart,Other,3,11,7,0.288462,0.302863,6.481186,0.003837,0.003837,0.000659,0,1,13,0.333333,1,0.015707
Leona-Woolfield,Leona Woolfield,Other,2,7,7,0.269949,0.285169,0,0.002898,0.002898,0.000491,0,2,8,1,1,0.012208
Leonette-Fossoway,Leonette Fossoway,Other,1,3,8,0.251582,0.261433,0,0.001307,0.001307,0.00033,0,10,4,0,0,0.005024
Lewyn-Martell,Lewyn Martell,Martell,4,12,7,0.255956,0.266742,416.115038,0.001188,0.001188,0.001087,0,5,14,0.5,3,0.005035
Lewys-Piper,Lewys Piper,Other,1,3,7,0.311398,0.328733,0,0.007921,0.007921,0.000319,0,9,11,0,0,0.030959
Lollys-Stokeworth,Lollys Stokeworth,Other,7,51,7,0.32502,0.345882,3.688763,0.02123,0.02123,0.001071,0,10,2,0.571429,12,0.0832
Lommy-Greenhands,Lommy Greenhands,Other,6,99,7,0.304481,0.324855,3.518373,0.010249,0.010249,0.001038,0,0,0,0.8,12,0.041617
Longwater-Pyke,Longwater Pyke,Other,1,3,8,0.250315,0.262311,0,0.000329,0.000329,0.00041,0,7,7,0,0,0.001965
Loras-Tyrell,Loras Tyrell,Tyrell,28,329,6,0.382028,0.419623,455.349468,0.121096,0.121096,0.003541,0,10,4,0.473545,179,0.472987
Lorent-Caswell,Lorent Caswell,Other,1,3,7,0.284844,0.299006,0,0.004568,0.004568,0.000312,0,10,4,0,0,0.017792
Lorren,Lorren,Other,8,31,7,0.299322,0.319865,1184.701309,0.004142,0.004142,0.002056,0,1,7,0.142857,4,0.018539
Lothar-Frey,Lothar Frey,Frey,11,50,6,0.316607,0.340398,87.625058,0.023905,0.023905,0.001692,0,1,3,0.418182,23,0.095071
Lothor-Brune,Lothor Brune,Other,5,30,7,0.306005,0.326343,14.329506,0.015783,0.015783,0.000841,0,10,10,0.6,6,0.061511
Lucas-Codd,Lucas Codd,Other,2,6,8,0.207301,0.214332,794,0.000037,0.000037,0.000987,0,7,7,0,0,0.000388
Lucifer-Long,Lucifer Long,Other,1,3,9,0.187103,0.194912,0,0.000028,0.000028,0.000399,0,6,14,0,0,0.000327
Luton,Luton,Other,1,3,8,0.230168,0.238534,0,0.000198,0.000198,0.000389,0,1,7,0,0,0.000983
Luwin,Luwin,Other,22,376,6,0.383133,0.416918,994.630609,0.059691,0.059691,0.003184,0,1,13,0.359307,83,0.243282
Lyanna-Mormont,Lyanna Mormont,Other,1,3,6,0.307901,0.324256,0,0.006371,0.006371,0.000319,0,2,8,0,0,0.025882
Lyanna-Stark,Lyanna Stark,Stark,5,40,6,0.333613,0.351426,3.630025,0.02379,0.02379,0.000815,0,10,14,0.8,8,0.093649
Lyle-Crakehall,Lyle Crakehall,Other,5,27,7,0.312992,0.333031,2.852417,0.015553,0.015553,0.000827,0,9,11,0.5,5,0.060521
Lyn-Corbray,Lyn Corbray,Other,4,17,7,0.291529,0.309823,6.643466,0.010105,0.010105,0.000762,0,10,10,0.666667,4,0.039454
Lynesse-Hightower,Lynesse Hightower,Other,1,3,7,0.277197,0.294582,0,0.002206,0.002206,0.00034,0,6,14,0,0,0.010346
Lyonel-Corbray,Lyonel Corbray,Other,2,7,7,0.287004,0.302905,0,0.005706,0.005706,0.000468,0,10,10,1,1,0.022208
Lysa-Arryn,Lysa Arryn,Arryn,24,341,6,0.377493,0.413375,1914.070609,0.088363,0.088363,0.003349,0,10,10,0.373188,103,0.347949
Lysono-Maar,Lysono Maar,Other,1,3,7,0.277197,0.294582,0,0.002206,0.002206,0.00034,0,6,14,0,0,0.010346
Mace-Tyrell,Mace Tyrell,Tyrell,23,203,6,0.382028,0.414591,1856.236556,0.087408,0.087408,0.003086,0,10,17,0.422925,107,0.342839
Mad-Huntsman,Mad Huntsman,Other,1,4,7,0.301479,0.318775,0,0.006041,0.006041,0.000325,0,0,0,0,0,0.024132
Maddy,Maddy,Other,5,28,7,0.304132,0.323513,11.590635,0.009809,0.009809,0.0009,0,10,10,0.6,6,0.038459
Maege-Mormont,Maege Mormont,Other,5,27,6,0.313362,0.332893,1.266667,0.015336,0.015336,0.000872,0,1,3,0.8,8,0.061322
Maegor-I-Targaryen,Maegor I Targaryen,Targaryen,6,22,7,0.320048,0.341878,798.626035,0.024896,0.024896,0.00106,0,10,12,0.466667,7,0.096635
Maekar-I-Targaryen,Maekar I Targaryen,Targaryen,1,3,6,0.262636,0.274004,0,0.001226,0.001226,0.000325,0,11,6,0,0,0.005823
Mag-Mar-Tun-Doh-Weg,Mag Mar Tun Doh Weg,Other,2,9,6,0.308379,0.328595,0,0.005658,0.005658,0.000471,0,11,6,1,1,0.025322
Maggy,Maggy,Other,2,8,7,0.312869,0.330264,0,0.008828,0.008828,0.000517,0,10,12,1,1,0.034379
Malaquo-Maegyr,Malaquo Maegyr,Other,1,7,8,0.206226,0.211815,0,0.000041,0.000041,0.000519,0,16,14,0,0,0.000264
Malegorn,Malegorn,Other,4,19,6,0.310304,0.331908,110.747554,0.006305,0.006305,0.000832,0,2,8,0.833333,5,0.02838
Mallador-Locke,Mallador Locke,Other,1,4,7,0.23917,0.24938,0,0.000354,0.000354,0.000348,0,11,6,0,0,0.001874
Mance-Rayder,Mance Rayder,Other,33,389,6,0.36994,0.41044,4293.968658,0.050948,0.050948,0.004959,0,11,6,0.219697,116,0.220852
Mandon-Moore,Mandon Moore,Other,9,57,7,0.347162,0.374352,7.284189,0.053102,0.053102,0.001245,0,10,11,0.777778,28,0.206899
Manfrey-Martell,Manfrey Martell,Martell,1,4,9,0.185835,0.191802,0,0.000015,0.000015,0.000529,0,15,1,0,0,0.000175
Margaery-Tyrell,Margaery Tyrell,Tyrell,30,442,6,0.362352,0.399581,1434.763104,0.091883,0.091883,0.003992,0,10,12,0.296552,129,0.358288
Marghaz-zo-Loraq,Marghaz zo Loraq,Other,1,5,8,0.227663,0.240007,0,0.000357,0.000357,0.000332,0,6,14,0,0,0.002187
Marillion,Marillion,Other,9,64,7,0.339453,0.366238,26.40173,0.038732,0.038732,0.001317,0,10,2,0.694444,25,0.152369
Mariya-Darry,Mariya Darry,Other,2,11,7,0.312623,0.330746,0,0.010271,0.010271,0.000438,0,9,0,1,1,0.040078
Mark-Mullendore,Mark Mullendore,Other,1,3,7,0.312623,0.329425,0,0.008251,0.008251,0.000306,0,10,12,0,0,0.032093
Marlon-Manderly,Marlon Manderly,Other,2,8,6,0.309579,0.3274,0,0.007904,0.007904,0.000476,0,2,8,1,1,0.03239
Maron-Greyjoy,Maron Greyjoy,Greyjoy,1,3,7,0.313239,0.327287,0,0.006707,0.006707,0.00032,0,10,18,0,0,0.026539
Marq-Piper,Marq Piper,Other,8,32,6,0.336722,0.358721,56.161991,0.032354,0.032354,0.001212,0,1,3,0.607143,17,0.127389
Marselen,Marselen,Other,2,7,7,0.277293,0.295211,0,0.002286,0.002286,0.000592,0,6,14,1,1,0.01085
Martyn-Lannister,Martyn Lannister,Lannister,2,6,7,0.291957,0.306972,9.828133,0.005901,0.005901,0.000516,0,19,17,0,0,0.023006
Martyn-Rivers,Martyn Rivers,Other,1,3,6,0.307663,0.322704,0,0.006061,0.006061,0.000316,0,1,3,0,0,0.024296
Marwyn,Marwyn,Other,3,12,7,0.261685,0.279868,177.351886,0.001668,0.001668,0.000731,0,14,6,0.666667,2,0.008545
Marya-Seaworth,Marya Seaworth,Other,2,8,6,0.30802,0.324885,0,0.006656,0.006656,0.000516,0,2,8,1,1,0.02714
Masha-Heddle,Masha Heddle,Other,1,5,7,0.302511,0.31909,0,0.006155,0.006155,0.000315,0,1,3,0,0,0.024404
Mathis-Rowan,Mathis Rowan,Other,8,35,6,0.334737,0.356331,816.89912,0.025172,0.025172,0.001353,0,10,17,0.428571,12,0.099818
Matthar,Matthar,Other,1,3,6,0.308259,0.327966,0,0.005045,0.005045,0.00033,0,11,6,0,0,0.022418
Matthos-Seaworth,Matthos Seaworth,Other,1,3,7,0.260827,0.273932,0,0.001533,0.001533,0.000345,0,2,8,0,0,0.006508
Mebble,Mebble,Other,1,4,8,0.234375,0.24409,0,0.00049,0.00049,0.000332,0,0,0,0,0,0.002125
Meera-Reed,Meera Reed,Other,11,291,6,0.305534,0.328365,95.043651,0.013149,0.013149,0.001768,0,1,13,0.436364,24,0.056458
Megga-Tyrell,Megga Tyrell,Tyrell,4,49,7,0.304015,0.32324,0,0.011257,0.011257,0.000703,0,13,12,1,6,0.043646
Melara-Hetherspoon,Melara Hetherspoon,Other,4,15,7,0.326757,0.347811,816.450832,0.0165,0.0165,0.000995,0,10,12,0.333333,2,0.064455
Meldred-Merlyn,Meldred Merlyn,Other,2,10,8,0.250868,0.264197,0,0.000578,0.000578,0.000631,0,7,7,1,1,0.003377
Melisandre,Melisandre,Other,23,327,6,0.355387,0.391656,2048.457395,0.041716,0.041716,0.003548,0,2,6,0.233202,59,0.176056
Mellei,Mellei,Other,2,8,8,0.228121,0.239202,0,0.000446,0.000446,0.00061,0,15,1,1,1,0.002211
Meralyn,Meralyn,Other,1,9,7,0.301479,0.318775,0,0.006041,0.006041,0.000325,0,0,0,0,0,0.024132
Meribald,Meribald,Other,5,47,7,0.279241,0.297077,5.243515,0.006482,0.006482,0.000995,0,9,17,0.6,6,0.025497
Meris,Meris,Other,6,43,7,0.27993,0.301144,967.563707,0.002943,0.002943,0.001393,0,6,14,0.6,9,0.014952
Mero,Mero,Other,4,24,7,0.281416,0.300222,794,0.003563,0.003563,0.000944,0,6,14,0.5,3,0.017018
Merrett-Frey,Merrett Frey,Frey,2,6,7,0.288148,0.30475,2.769434,0.006189,0.006189,0.000437,0,10,3,0,0,0.024172
Merrit,Merrit,Other,1,3,7,0.254808,0.265274,0,0.001401,0.001401,0.000326,0,0,0,0,0,0.005652
Meryn-Trant,Meryn Trant,Other,21,298,6,0.368226,0.400964,296.861126,0.086173,0.086173,0.002614,0,0,5,0.6,126,0.335458
Mezzara,Mezzara,Other,2,7,7,0.27739,0.295421,0,0.002306,0.002306,0.000538,0,6,14,1,1,0.011017
Mikken,Mikken,Other,5,25,6,0.31152,0.330901,74.501546,0.008926,0.008926,0.000994,0,1,13,0.5,5,0.037315
Miklaz,Miklaz,Other,3,10,7,0.277584,0.296259,794,0.002309,0.002309,0.00092,0,6,14,0.333333,1,0.011119
Mirri-Maz-Duur,Mirri Maz Duur,Other,6,66,7,0.281915,0.302004,3.038621,0.004428,0.004428,0.00104,0,6,14,0.8,12,0.021963
Missandei,Missandei,Other,9,121,7,0.296974,0.320473,30.398311,0.008673,0.008673,0.001419,0,6,14,0.777778,28,0.041135
Moelle,Moelle,Other,3,26,7,0.312869,0.330683,0,0.008899,0.008899,0.000667,0,3,12,1,3,0.034739
Mollander,Mollander,Other,4,20,7,0.214865,0.22587,1.25,0.000123,0.000123,0.001086,0,14,6,0.833333,5,0.00138
Monford-Velaryon,Monford Velaryon,Other,3,11,6,0.309821,0.328239,794,0.007914,0.007914,0.000837,0,2,8,0.333333,1,0.032513
Moon-Boy,Moon Boy,Other,4,36,7,0.313486,0.33215,2.936564,0.014161,0.014161,0.00066,0,10,4,0.5,3,0.054781
Moqorro,Moqorro,Other,5,39,7,0.341202,0.363597,760.54298,0.011781,0.011781,0.001114,0,7,7,0.5,5,0.049385
Mord,Mord,Other,1,20,7,0.322777,0.340012,0,0.008803,0.008803,0.000316,0,10,2,0,0,0.034984
Mordane,Mordane,Other,11,145,6,0.370457,0.398805,150.564874,0.05986,0.05986,0.001544,0,0,7,0.763636,42,0.237506
Moreo-Tumitis,Moreo Tumitis,Other,1,3,7,0.302511,0.31909,0,0.006155,0.006155,0.000315,0,1,3,0,0,0.024404
Morgo,Morgo,Other,1,4,7,0.322777,0.340012,0,0.008803,0.008803,0.000316,0,10,2,0,0,0.034984
Morra,Morra,Other,2,8,8,0.228121,0.239202,0,0.000446,0.000446,0.00061,0,15,1,1,1,0.002211
Morrec,Morrec,Other,2,10,7,0.322908,0.340641,0,0.009122,0.009122,0.00055,0,10,2,1,1,0.036314
Mors-Umber,Mors Umber,Other,4,17,6,0.311033,0.329602,75.194787,0.007259,0.007259,0.00083,0,2,13,0.166667,1,0.029854
Mully,Mully,Other,9,46,6,0.3097,0.333836,11.796032,0.008357,0.008357,0.001494,0,11,6,0.472222,17,0.039512
Munda,Munda,Other,1,4,7,0.237882,0.249045,0,0.000395,0.000395,0.000342,0,11,6,0,0,0.002185
Murch,Murch,Other,1,5,9,0.175072,0.179467,0,0.000002,0.000002,0.000636,0,1,7,0,0,0.000109
Murenmure,Murenmure,Other,2,14,7,0.298535,0.315987,0,0.003835,0.003835,0.000564,0,7,7,1,1,0.016619
Mya-Stone,Mya Stone,Other,5,34,7,0.306122,0.325274,34.328154,0.008824,0.008824,0.000918,0,10,10,0.4,4,0.035081
Mycah,Mycah,Other,5,65,7,0.334174,0.356616,0,0.031751,0.031751,0.000791,0,0,4,1,10,0.124205
Mychel-Redfort,Mychel Redfort,Other,1,3,7,0.302511,0.31909,0,0.006155,0.006155,0.000315,0,1,3,0,0,0.024404
Myles-Toyne,Myles Toyne,Other,2,13,7,0.259634,0.270443,0,0.001254,0.001254,0.000537,0,16,14,1,1,0.005316
Myranda-Royce,Myranda Royce,Other,3,13,7,0.303783,0.322046,6.961877,0.008972,0.008972,0.000598,0,10,10,0.666667,2,0.035054
Myrcella-Baratheon,Myrcella Baratheon,Baratheon,22,264,6,0.377135,0.410566,6373.17791,0.07536,0.07536,0.003123,0,15,1,0.333333,77,0.297959
Nage,Nage,Other,1,3,8,0.241421,0.250699,0,0.000601,0.000601,0.000358,0,9,15,0,0,0.002387
Nan,Nan,Other,8,91,6,0.346254,0.373857,225.494734,0.025463,0.025463,0.001325,0,1,0,0.5,14,0.105158
Narbert,Narbert,Other,3,14,7,0.277972,0.294247,0,0.004453,0.004453,0.000685,0,9,17,1,3,0.017567
Narbert-Grandison,Narbert Grandison,Other,6,24,6,0.310547,0.333166,256.365156,0.006565,0.006565,0.001221,0,2,8,0.533333,8,0.029773
Nestor-Royce,Nestor Royce,Other,7,58,7,0.319405,0.342989,24.398937,0.025905,0.025905,0.00107,0,10,10,0.714286,15,0.101493
Nurse,Nurse,Other,4,28,7,0.326489,0.346259,4.08422,0.010756,0.010756,0.000768,0,10,2,0.833333,5,0.043934
Nute,Nute,Other,4,24,8,0.250947,0.264994,2.833333,0.000627,0.000627,0.001106,0,7,7,0.666667,4,0.003972
Nyessos-Vhassar,Nyessos Vhassar,Other,2,10,7,0.259719,0.270653,794,0.001182,0.001182,0.000777,0,16,14,0,0,0.004994
Nymeria-Sand,Nymeria Sand,Other,4,40,7,0.265709,0.279605,5.705927,0.002285,0.002285,0.000775,0,15,1,0.666667,4,0.009767
Obara-Sand,Obara Sand,Other,6,68,7,0.266421,0.282016,7.860823,0.003144,0.003144,0.001079,0,15,1,0.6,9,0.013448
Oberyn-Martell,Oberyn Martell,Martell,20,192,7,0.356023,0.389048,3094.080631,0.065787,0.065787,0.002833,0,10,1,0.336842,64,0.2577
Ogo,Ogo,Other,3,18,7,0.249373,0.260548,794,0.000537,0.000537,0.000989,0,6,14,0.333333,1,0.00307
Old-Bill-Bone,Old Bill Bone,Other,1,3,8,0.229503,0.242293,0,0.000358,0.000358,0.000348,0,6,14,0,0,0.002048
Olenna-Redwyne,Olenna Redwyne,Other,9,55,7,0.345052,0.372486,92.32442,0.050505,0.050505,0.001304,0,10,17,0.805556,29,0.196719
Olyvar-Frey,Olyvar Frey,Frey,2,16,6,0.30814,0.323962,0,0.00712,0.00712,0.000451,0,1,3,1,1,0.02855
Orell,Orell,Other,2,9,6,0.308498,0.328805,0,0.005431,0.005431,0.000485,0,11,6,1,1,0.024506
Orton-Merryweather,Orton Merryweather,Other,10,43,6,0.341202,0.364256,25.692026,0.037217,0.037217,0.001356,0,10,12,0.644444,29,0.145183
Osfryd-Kettleblack,Osfryd Kettleblack,Other,3,25,7,0.313115,0.331102,0,0.01172,0.01172,0.000536,0,10,12,1,3,0.045426
Osha,Osha,Other,9,117,6,0.321993,0.345325,69.309095,0.020247,0.020247,0.001413,0,1,13,0.694444,25,0.083668
Osmund-Kettleblack,Osmund Kettleblack,Other,18,218,7,0.347921,0.379572,211.674134,0.068853,0.068853,0.002347,0,10,11,0.470588,72,0.267273
Osney-Kettleblack,Osney Kettleblack,Other,11,85,6,0.336722,0.359371,154.158675,0.030305,0.030305,0.001547,0,10,12,0.436364,24,0.118441
Oswell-Kettleblack,Oswell Kettleblack,Other,2,9,7,0.304948,0.323303,0,0.012556,0.012556,0.000422,0,10,10,1,1,0.048717
Oswell-Whent,Oswell Whent,Other,3,9,7,0.255299,0.265211,378.797315,0.001006,0.001006,0.000864,0,5,14,0.666667,2,0.004229
Othell-Yarwyck,Othell Yarwyck,Other,11,81,6,0.314353,0.339392,23.071213,0.013664,0.013664,0.001642,0,11,6,0.509091,28,0.062707
Othor,Othor,Other,1,5,6,0.308259,0.327966,0,0.005045,0.005045,0.00033,0,11,6,0,0,0.022418
Ottyn-Wythers,Ottyn Wythers,Other,4,15,6,0.314727,0.336834,5.638828,0.008437,0.008437,0.000756,0,11,6,0.833333,5,0.038729
Owen,Owen,Other,10,55,6,0.339309,0.361153,253.948749,0.015816,0.015816,0.001526,0,11,6,0.511111,23,0.069929
Owen-Merryweather,Owen Merryweather,Other,1,3,7,0.268219,0.279949,0,0.002361,0.002361,0.000338,0,10,14,0,0,0.009222
Oznak-zo-Pahl,Oznak zo Pahl,Other,2,12,7,0.277293,0.295211,0,0.002569,0.002569,0.000474,0,6,14,1,1,0.012361
Palla,Palla,Other,2,6,7,0.298423,0.315421,0,0.005238,0.005238,0.00049,0,1,7,1,1,0.022147
Patchface,Patchface,Other,4,23,6,0.309459,0.328029,0,0.00919,0.00919,0.00073,0,2,8,1,6,0.038041
Pate-(novice),Pate (novice),Other,7,47,7,0.215097,0.227966,3169.25,0.000174,0.000174,0.002227,0,14,6,0.238095,5,0.00191
Pate-(Old),Pate (Old),Other,1,4,7,0.301479,0.318775,0,0.006041,0.006041,0.000325,0,0,0,0,0,0.024132
Pate-(whipping-boy),Pate (whipping boy),Other,1,4,7,0.277875,0.29171,0,0.0041,0.0041,0.000299,0,10,12,0,0,0.01581
Patrek-of-Kings-Mountain,Patrek of Kings Mountain,Other,4,20,6,0.310304,0.331908,0.333333,0.006482,0.006482,0.000813,0,2,8,0.833333,5,0.029201
Paxter-Redwyne,Paxter Redwyne,Other,6,34,6,0.338875,0.360419,243.911571,0.022909,0.022909,0.000935,0,10,17,0.266667,4,0.091332
Penny,Penny,Other,7,92,7,0.33601,0.358817,88.076718,0.013779,0.013779,0.001256,0,10,2,0.52381,11,0.057826
Perwyn-Frey,Perwyn Frey,Frey,2,9,6,0.307901,0.323543,0,0.006577,0.006577,0.000487,0,1,3,1,1,0.026453
Petyr-Baelish,Petyr Baelish,Other,47,733,6,0.402124,0.448344,8173.981409,0.152962,0.152962,0.006531,0,10,10,0.252544,273,0.602346
Petyr-Frey,Petyr Frey,Frey,2,8,7,0.265354,0.277706,0.333333,0.002982,0.002982,0.00045,0,9,3,0,0,0.011869
Pia,Pia,Other,4,22,7,0.333613,0.356071,41.298625,0.019018,0.019018,0.00077,0,9,2,0.5,3,0.07488
Podrick-Payne,Podrick Payne,Other,11,159,7,0.336864,0.36389,1070.096438,0.035716,0.035716,0.001922,0,9,17,0.309091,17,0.139883
Polliver,Polliver,Other,14,151,7,0.33715,0.364624,28.271485,0.053896,0.053896,0.001757,0,0,5,0.846154,77,0.208372
Pono,Pono,Other,4,14,7,0.282215,0.301794,15.289637,0.004337,0.004337,0.000747,0,6,14,0.5,3,0.020583
Porridge,Porridge,Other,3,14,7,0.268128,0.283115,0,0.00224,0.00224,0.000664,0,2,8,1,3,0.009865
Porther,Porther,Other,1,4,7,0.313239,0.327287,0,0.006707,0.006707,0.00032,0,10,18,0,0,0.026539
Poxy-Tym,Poxy Tym,Other,1,3,6,0.295319,0.309727,0,0.004288,0.004288,0.00032,0,1,13,0,0,0.017459
Praed,Praed,Other,1,3,7,0.301479,0.318775,0,0.006041,0.006041,0.000325,0,0,0,0,0,0.024132
Prendahl-na-Ghezn,Prendahl na Ghezn,Other,2,9,8,0.230168,0.242335,0,0.000406,0.000406,0.000563,0,6,14,1,1,0.002529
Preston-Greenfield,Preston Greenfield,Other,2,6,7,0.329056,0.349404,0,0.017054,0.017054,0.000433,0,10,2,1,1,0.067077
Puckens,Puckens,Other,2,6,7,0.27585,0.289299,794,0.0039,0.0039,0.000728,0,10,10,0,0,0.015057
Pyat-Pree,Pyat Pree,Other,2,24,7,0.277293,0.295211,0,0.002406,0.002406,0.000537,0,6,14,1,1,0.011335
Pycelle,Pycelle,Other,27,357,6,0.380383,0.416583,2337.571248,0.111323,0.111323,0.003698,0,10,10,0.435897,153,0.436059
Pyg,Pyg,Other,4,22,7,0.281117,0.298607,0.9,0.005939,0.005939,0.000761,0,9,17,0.666667,4,0.023386
Pylos,Pylos,Other,6,77,6,0.310183,0.330126,1.233333,0.010986,0.010986,0.001054,0,2,8,0.733333,11,0.045473
Pypar,Pypar,Other,16,232,6,0.315226,0.344298,73.994883,0.015819,0.015819,0.002334,0,11,6,0.433333,52,0.075161
Qarl-the-Maid,Qarl the Maid,Other,3,16,7,0.260741,0.272947,0,0.000872,0.000872,0.000819,0,7,7,1,3,0.004366
Qavo-Nogarys,Qavo Nogarys,Other,3,16,7,0.335443,0.356301,9.083551,0.011513,0.011513,0.000608,0,16,14,0.666667,2,0.047568
Qezza,Qezza,Other,5,21,7,0.278264,0.298565,33.591875,0.002856,0.002856,0.001162,0,6,14,0.3,3,0.014222
Qhorin-Halfhand,Qhorin Halfhand,Other,14,166,6,0.317365,0.344759,888.287759,0.013992,0.013992,0.002404,0,11,6,0.32967,30,0.065453
Qotho,Qotho,Other,7,68,7,0.282015,0.302633,9.377124,0.004328,0.004328,0.001227,0,6,14,0.666667,14,0.021587
Quaithe,Quaithe,Other,1,11,7,0.277197,0.294582,0,0.002206,0.002206,0.00034,0,6,14,0,0,0.010346
Quaro,Quaro,Other,5,21,7,0.277972,0.297832,0.45,0.003385,0.003385,0.000897,0,6,14,0.8,8,0.017136
Quellon-Greyjoy,Quellon Greyjoy,Greyjoy,2,7,8,0.25071,0.263527,0,0.000565,0.000565,0.000616,0,7,7,1,1,0.003313
Quentyn-Martell,Quentyn Martell,Martell,19,246,7,0.297753,0.329677,3582.125519,0.010234,0.010234,0.00356,0,6,14,0.192982,33,0.047981
Quhuru-Mo,Quhuru Mo,Other,2,8,7,0.260912,0.278023,0,0.001614,0.001614,0.000562,0,11,6,1,1,0.00797
Quill,Quill,Other,1,4,8,0.17706,0.183434,0,0.000006,0.000006,0.000459,0,14,6,0,0,0.000229
Qyburn,Qyburn,Other,18,127,6,0.35349,0.383459,536.836756,0.056994,0.056994,0.00252,0,10,15,0.300654,46,0.222507
Rafford,Rafford,Other,13,171,7,0.340034,0.368398,14.679041,0.053854,0.053854,0.001646,0,0,5,0.948718,74,0.208407
Ragwyle,Ragwyle,Other,1,3,7,0.240982,0.25201,0,0.00049,0.00049,0.000334,0,11,6,0,0,0.002593
Rakharo,Rakharo,Other,10,85,7,0.282616,0.305148,10.172526,0.005617,0.005617,0.001569,0,6,14,0.666667,30,0.029218
Ralf-(Limper),Ralf (Limper),Other,1,7,8,0.250315,0.262311,0,0.000329,0.000329,0.00041,0,7,7,0,0,0.001965
Ralf-Stonehouse,Ralf Stonehouse,Other,2,6,8,0.250394,0.26294,0,0.000351,0.000351,0.000645,0,7,7,1,1,0.002248
Ramsay-Snow,Ramsay Snow,Bolton,23,241,6,0.366359,0.399706,5274.789036,0.047204,0.047204,0.003954,0,1,7,0.229249,58,0.193221
Randyll-Tarly,Randyll Tarly,Tarly,13,67,5,0.347921,0.373732,1411.68223,0.031257,0.031257,0.002077,0,9,17,0.25641,20,0.125067
Rast,Rast,Other,6,26,6,0.312009,0.335325,7.347421,0.00909,0.00909,0.001024,0,11,6,0.8,12,0.041968
Rattleshirt,Rattleshirt,Other,11,129,6,0.312992,0.33847,26.097926,0.010943,0.010943,0.001809,0,11,6,0.563636,31,0.051337
Ravella-Swann,Ravella Swann,Other,1,7,7,0.301479,0.318775,0,0.006041,0.006041,0.000325,0,0,0,0,0,0.024132
Raymun-Darry,Raymun Darry,Other,2,12,6,0.325553,0.33935,0,0.013509,0.013509,0.000435,0,10,18,1,1,0.053449
Raymun-Redbeard,Raymun Redbeard,Other,1,3,7,0.235835,0.244927,0,0.000177,0.000177,0.000515,0,11,6,0,0,0.000907
Raynald-Westerling,Raynald Westerling,Other,3,16,6,0.312746,0.331111,10.14697,0.012443,0.012443,0.000656,0,1,3,0.666667,2,0.049678
Raynard,Raynard,Other,2,7,7,0.312869,0.330264,794,0.008261,0.008261,0.000729,0,17,12,0,0,0.032212
Red-Oarsman,Red Oarsman,Other,3,12,7,0.261255,0.274205,1586,0.001042,0.001042,0.000993,0,7,7,0.333333,1,0.005201
Reek,Reek,Other,2,7,6,0.299887,0.315786,0,0.00594,0.00594,0.000466,0,1,13,1,1,0.024399
Renly-Baratheon,Renly Baratheon,Baratheon,38,639,6,0.398097,0.439811,5972.535299,0.130553,0.130553,0.005541,0,10,4,0.28734,202,0.514936
Rennifer-Longwaters,Rennifer Longwaters,Other,2,6,7,0.311642,0.329572,794,0.00793,0.00793,0.000749,0,9,11,0,0,0.031078
Reznak-mo-Reznak,Reznak mo Reznak,Other,5,49,7,0.290252,0.311479,0,0.006528,0.006528,0.000896,0,6,14,1,10,0.02939
Rhaegar-Frey,Rhaegar Frey,Frey,2,6,7,0.262723,0.274498,199.499673,0.001372,0.001372,0.000576,0,2,8,0,0,0.005841
Rhaegar-Targaryen,Rhaegar Targaryen,Targaryen,18,202,6,0.368056,0.398512,2474.966144,0.05746,0.05746,0.00271,0,10,14,0.359477,55,0.229392
Rhaegel-Targaryen,Rhaegel Targaryen,Targaryen,1,5,7,0.277197,0.294582,0,0.002206,0.002206,0.00034,0,6,14,0,0,0.010346
Rhaego,Rhaego,Other,1,5,7,0.249138,0.259081,0,0.000517,0.000517,0.000331,0,6,14,0,0,0.00277
Rhaella-Targaryen,Rhaella Targaryen,Targaryen,2,6,7,0.275087,0.287727,0,0.003068,0.003068,0.000444,0,6,14,1,1,0.012586
Rhaenys-Targaryen,Rhaenys Targaryen,Targaryen,2,7,7,0.265797,0.275903,0,0.000928,0.000928,0.000621,0,6,0,1,1,0.00399
Rhaenys-Targaryen-(daughter-of-Rhaegar),Rhaenys Targaryen (daughter of Rhaegar),Targaryen,1,4,8,0.255053,0.265752,0,0.000864,0.000864,0.000333,0,16,14,0,0,0.003703
Ricasso,Ricasso,Other,2,7,8,0.228186,0.239412,794,0.000431,0.000431,0.0008,0,15,1,0,0,0.00212
Richard-Horpe,Richard Horpe,Other,2,10,6,0.30802,0.324885,0,0.006659,0.006659,0.000498,0,7,7,1,1,0.027202
Rickard-Karstark,Rickard Karstark,Other,12,89,6,0.346556,0.372977,289.243213,0.041517,0.041517,0.001811,0,1,3,0.484848,32,0.165639
Rickard-Stark,Rickard Stark,Stark,2,7,6,0.296531,0.311614,2.043626,0.005356,0.005356,0.000457,0,1,14,0,0,0.021673
Rickon-Stark,Rickon Stark,Stark,17,345,6,0.39124,0.423417,625.243557,0.063339,0.063339,0.002443,0,1,13,0.551471,75,0.256687
Robar-Royce,Robar Royce,Other,3,13,7,0.307425,0.326867,15.850986,0.01054,0.01054,0.000625,0,9,17,0.666667,2,0.041576
Robb-Stark,Robb Stark,Stark,74,1424,5,0.444134,0.49392,20978.432536,0.173192,0.173192,0.011081,0,1,3,0.141429,382,0.693214
Robert-Arryn,Robert Arryn,Arryn,20,151,7,0.340909,0.372947,3540.894984,0.041726,0.041726,0.003244,0,10,10,0.242105,46,0.164449
Robert-Baratheon,Robert Baratheon,Baratheon,65,1488,5,0.459272,0.499769,24689.83257,0.194375,0.194375,0.008779,0,10,16,0.201923,420,0.774328
Robert-Strong,Robert Strong,Other,4,14,6,0.317619,0.336017,9.657085,0.014398,0.014398,0.000674,0,10,17,0.5,3,0.056076
Robett-Glover,Robett Glover,Other,7,24,6,0.316229,0.337631,157.914524,0.011914,0.011914,0.001178,0,2,0,0.190476,4,0.048635
Robin-Flint,Robin Flint,Other,3,9,6,0.30814,0.324382,0,0.007799,0.007799,0.000621,0,1,3,1,3,0.031435
Robin-Ryger,Robin Ryger,Other,2,12,7,0.319277,0.340012,0,0.014075,0.014075,0.000445,0,9,3,1,1,0.055364
Rodrik-Cassel,Rodrik Cassel,Cassel,30,253,6,0.403144,0.440671,3491.346696,0.093605,0.093605,0.004419,0,1,13,0.310345,135,0.375738
Rodrik-Harlaw,Rodrik Harlaw,Other,7,30,7,0.269127,0.286092,672.891489,0.001437,0.001437,0.001777,0,7,7,0.428571,9,0.008016
Rodrik-Sparr,Rodrik Sparr,Other,2,11,8,0.263594,0.276797,0,0.000741,0.000741,0.0006,0,7,7,1,1,0.003835
Roger-Ryswell,Roger Ryswell,Other,2,8,7,0.297641,0.31431,0,0.004156,0.004156,0.000496,0,1,15,1,1,0.017638
Rolfe-the-Dwarf,Rolfe the Dwarf,Other,1,3,7,0.260314,0.271165,0,0.000805,0.000805,0.000367,0,7,7,0,0,0.003745
Rollam-Westerling,Rollam Westerling,Other,2,7,6,0.307782,0.323333,0,0.006496,0.006496,0.000501,0,1,3,1,1,0.026085
Rolly-Duckfield,Rolly Duckfield,Other,8,101,7,0.326087,0.347412,4.254151,0.013466,0.013466,0.001308,0,16,14,0.821429,23,0.055094
Rolph-Spicer,Rolph Spicer,Other,1,5,6,0.307663,0.322704,0,0.006061,0.006061,0.000316,0,1,3,0,0,0.024296
Ronnet-Connington,Ronnet Connington,Other,2,7,7,0.312132,0.330201,0,0.010498,0.010498,0.000438,0,9,17,1,1,0.040861
Roone,Roone,Other,4,20,7,0.214633,0.225136,0.25,0.000174,0.000174,0.001034,0,14,6,0.833333,5,0.001616
Roose-Bolton,Roose Bolton,Bolton,28,232,6,0.392012,0.429308,1753.615171,0.090199,0.090199,0.00396,0,1,15,0.328042,124,0.359059
Roose-Ryswell,Roose Ryswell,Other,1,3,6,0.307901,0.324256,0,0.006371,0.006371,0.000319,0,2,8,0,0,0.025882
Rorge,Rorge,Other,9,77,7,0.326087,0.35106,131.884845,0.01882,0.01882,0.001449,0,0,0,0.388889,14,0.075124
Rory,Rory,Other,2,10,6,0.308618,0.329015,0,0.005295,0.005295,0.000484,0,11,6,1,1,0.023847
Rosey,Rosey,Other,1,9,8,0.17706,0.183434,0,0.000006,0.000006,0.000459,0,14,6,0,0,0.000229
Roslin-Frey,Roslin Frey,Frey,5,43,6,0.314602,0.334633,0,0.017271,0.017271,0.00082,0,1,3,1,10,0.068679
Rossart,Rossart,Other,1,4,7,0.268219,0.279949,0,0.002361,0.002361,0.000338,0,10,14,0,0,0.009222
Rowan,Rowan,Other,5,27,6,0.308618,0.328197,18.186857,0.007178,0.007178,0.000943,0,1,7,0.7,7,0.030948
Rugen,Rugen,Other,1,3,8,0.237668,0.245722,0,0.000278,0.000278,0.000507,0,9,11,0,0,0.001143
Rus,Rus,Other,1,5,8,0.238452,0.248561,0,0.000249,0.000249,0.000409,0,7,7,0,0,0.001412
Ryk,Ryk,Other,4,29,6,0.308978,0.330482,0,0.006209,0.006209,0.000778,0,11,6,1,6,0.028751
Ryman-Frey,Ryman Frey,Frey,12,64,6,0.330012,0.356017,322.164937,0.030268,0.030268,0.001904,0,9,3,0.363636,24,0.12005
Salladhor-Saan,Salladhor Saan,Other,5,74,6,0.314478,0.333857,3.012517,0.010264,0.010264,0.00093,0,2,8,0.8,8,0.042928
Sallor,Sallor,Other,2,9,8,0.230168,0.242335,0,0.000406,0.000406,0.000563,0,6,14,1,1,0.002529
Samwell-Tarly,Samwell Tarly,Tarly,44,934,6,0.352706,0.399979,13087.355868,0.044519,0.044519,0.006976,0,11,6,0.14482,137,0.198782
Sandor-Clegane,Sandor Clegane,Clegane,36,528,6,0.382212,0.42304,2786.293678,0.122853,0.122853,0.004673,0,0,4,0.355556,224,0.479289
Sansa-Stark,Sansa Stark,Stark,75,1547,6,0.433007,0.487044,15367.604206,0.205847,0.205847,0.010185,0,10,16,0.167568,465,0.808894
Sarella-Sand,Sarella Sand,Other,1,3,8,0.216268,0.224373,0,0.000181,0.000181,0.000347,0,15,1,0,0,0.000926
Satin,Satin,Other,13,101,6,0.311887,0.338407,928.233201,0.009982,0.009982,0.002135,0,11,6,0.333333,26,0.047688
Sawane-Botley,Sawane Botley,Other,1,3,8,0.238524,0.248414,0,0.000236,0.000236,0.000395,0,7,7,0,0,0.001348
Scar,Scar,Other,2,12,7,0.322908,0.340641,0,0.009164,0.009164,0.00049,0,10,2,1,1,0.036527
Scolera,Scolera,Other,3,27,7,0.312869,0.330683,0,0.008899,0.008899,0.000667,0,3,12,1,3,0.034739
Selwyn-Tarth,Selwyn Tarth,Other,1,4,7,0.277778,0.292989,0,0.00407,0.00407,0.000322,0,9,17,0,0,0.015894
Selyse-Florent,Selyse Florent,Other,19,207,6,0.34223,0.374004,1789.747494,0.028009,0.028009,0.003075,0,2,8,0.25731,44,0.118645
Senelle,Senelle,Other,2,12,7,0.313239,0.330892,0,0.011466,0.011466,0.000419,0,10,12,1,1,0.044451
Shadd,Shadd,Other,1,3,7,0.238739,0.247502,0,0.000516,0.000516,0.00036,0,1,3,0,0,0.002157
Shadrich,Shadrich,Other,2,7,7,0.311765,0.329781,41.868564,0.008078,0.008078,0.00054,0,9,17,0,0,0.031656
Shae,Shae,Other,13,147,6,0.350838,0.377589,260.727113,0.049232,0.049232,0.001924,0,10,2,0.435897,34,0.193346
Shagga,Shagga,Other,7,70,7,0.32542,0.346259,1596.275015,0.016244,0.016244,0.001617,0,10,2,0.238095,5,0.064036
Shagwell,Shagwell,Other,6,34,7,0.315601,0.337245,63.05424,0.013528,0.013528,0.001065,0,9,17,0.466667,7,0.053226
Sharna,Sharna,Other,4,15,8,0.247125,0.260972,0.5,0.002409,0.002409,0.000738,0,0,0,0.833333,5,0.010105
Shireen-Baratheon,Shireen Baratheon,Baratheon,13,68,6,0.341935,0.37086,1028.679412,0.029085,0.029085,0.00213,0,2,8,0.384615,30,0.119738
Shitmouth,Shitmouth,Other,1,3,7,0.311398,0.328733,0,0.007921,0.007921,0.000319,0,9,11,0,0,0.030959
Shortear,Shortear,Other,1,3,8,0.216268,0.222895,0,0.000136,0.000136,0.000498,0,10,10,0,0,0.000586
Shrouded-Lord,Shrouded Lord,Other,1,4,7,0.322777,0.340012,0,0.008803,0.008803,0.000316,0,10,2,0,0,0.034984
Sigfryd-Harlaw,Sigfryd Harlaw,Other,2,7,8,0.21217,0.220409,0,0.000072,0.000072,0.000639,0,7,7,1,1,0.00075
Sigorn,Sigorn,Other,4,17,6,0.326891,0.350377,17.12209,0.01312,0.01312,0.000769,0,11,6,0.833333,5,0.055953
Simon-Toyne,Simon Toyne,Other,1,3,9,0.178571,0.183082,0,0.000007,0.000007,0.00056,0,5,14,0,0,0.000124
Skahaz-mo-Kandaq,Skahaz mo Kandaq,Other,12,135,7,0.291209,0.316301,18.757459,0.008564,0.008564,0.001856,0,6,14,0.575758,38,0.041153
Skinner,Skinner,Other,5,25,7,0.298872,0.317517,794,0.005656,0.005656,0.001181,0,1,7,0.6,6,0.024312
Small-Paul,Small Paul,Other,6,44,6,0.283422,0.302516,3.759001,0.004714,0.004714,0.001029,0,11,6,0.6,9,0.023363
Smiling-Knight,Smiling Knight,Other,2,7,8,0.217332,0.225231,794,0.000189,0.000189,0.000874,0,5,14,0,0,0.00093
Softfoot,Softfoot,Other,1,3,7,0.239602,0.249464,0,0.000302,0.000302,0.000357,0,11,6,0,0,0.001589
Soren-Shieldbreaker,Soren Shieldbreaker,Other,1,3,6,0.308259,0.327966,0,0.005045,0.005045,0.00033,0,11,6,0,0,0.022418
Sour-Alyn,Sour Alyn,Other,6,34,7,0.298985,0.318146,4.45,0.005969,0.005969,0.001261,0,1,7,0.666667,10,0.02577
Spare-Boot,Spare Boot,Other,6,23,6,0.309098,0.33153,0.4,0.006753,0.006753,0.001034,0,11,6,0.866667,13,0.031527
Spotted-Cat,Spotted Cat,Other,6,26,7,0.278264,0.298985,1059.272147,0.002757,0.002757,0.001341,0,6,14,0.4,6,0.013995
Squint,Squint,Other,3,9,7,0.298311,0.315882,2.333333,0.003861,0.003861,0.000805,0,1,7,0.666667,2,0.016685
Squirrel,Squirrel,Other,4,20,6,0.308498,0.327568,2.901679,0.006997,0.006997,0.00076,0,1,7,0.833333,5,0.030088
Stafford-Lannister,Stafford Lannister,Lannister,4,14,6,0.331388,0.354549,15.419445,0.024424,0.024424,0.000704,0,1,13,0.833333,5,0.097119
Stannis-Baratheon,Stannis Baratheon,Baratheon,89,1375,5,0.444631,0.500063,34761.694915,0.182076,0.182076,0.01365,0,2,8,0.106997,419,0.733959
Steelskin,Steelskin,Other,3,9,7,0.280028,0.295693,0,0.003931,0.003931,0.000631,0,6,14,1,3,0.016833
Steffon-Baratheon,Steffon Baratheon,Baratheon,2,6,6,0.314727,0.331363,0,0.01094,0.01094,0.000443,0,2,8,1,1,0.043674
Steffon-Varner,Steffon Varner,Other,1,3,8,0.193619,0.198315,0,0.000015,0.000015,0.000553,0,10,8,0,0,0.000154
Stevron-Frey,Stevron Frey,Frey,5,19,6,0.313981,0.33369,0.833333,0.015711,0.015711,0.000856,0,1,3,0.8,8,0.062668
Stiv,Stiv,Other,2,7,6,0.311276,0.328742,0,0.010348,0.010348,0.000448,0,1,13,1,1,0.041755
Stonesnake,Stonesnake,Other,4,26,6,0.308858,0.330273,0.666667,0.006129,0.006129,0.000808,0,11,6,0.833333,5,0.0282
Stygg,Stygg,Other,3,10,7,0.297976,0.315358,1.333333,0.003858,0.003858,0.000777,0,1,7,0.666667,2,0.016592
Styr,Styr,Other,8,99,6,0.310547,0.334214,6.700794,0.008814,0.008814,0.001394,0,11,6,0.714286,20,0.041293
Sweets,Sweets,Other,3,17,7,0.323039,0.34127,0,0.009646,0.009646,0.000643,0,10,2,1,3,0.038705
Sybell-Spicer,Sybell Spicer,Other,6,19,6,0.330012,0.353438,745.451874,0.016993,0.016993,0.001184,0,2,8,0.333333,5,0.068117
Sybelle-Glover,Sybelle Glover,Other,2,6,7,0.260827,0.272737,5.720844,0.00095,0.00095,0.000586,0,1,7,0,0,0.004568
Sylva-Santagar,Sylva Santagar,Other,5,33,7,0.277972,0.29345,12.950687,0.003541,0.003541,0.000942,0,15,1,0.9,9,0.014848
Symon-Silver-Tongue,Symon Silver Tongue,Other,3,13,7,0.323171,0.341479,0,0.011269,0.011269,0.000572,0,10,2,1,3,0.044623
Symon-Stripeback,Symon Stripeback,Other,2,8,7,0.277293,0.295211,0,0.002286,0.002286,0.000592,0,6,14,1,1,0.01085
Symond-Templeton,Symond Templeton,Other,5,23,7,0.287627,0.305421,11.927922,0.006467,0.006467,0.000932,0,10,10,0.7,7,0.025562
Syrio-Forel,Syrio Forel,Other,4,43,7,0.324357,0.343597,3.137364,0.017463,0.017463,0.000688,0,0,0,0.5,3,0.069208
Taena-of-Myr,Taena of Myr,Other,12,105,6,0.347313,0.374256,155.302011,0.044602,0.044602,0.001645,0,10,12,0.515152,34,0.174579
Talbert-Serry,Talbert Serry,Other,1,10,8,0.250315,0.262311,0,0.000329,0.000329,0.00041,0,7,7,0,0,0.001965
Talea,Talea,Other,2,8,7,0.301593,0.319404,0,0.006267,0.006267,0.000549,0,0,0,1,1,0.025124
Tallad,Tallad,Other,6,19,7,0.313857,0.333618,266.585912,0.012855,0.012855,0.001034,0,10,12,0.466667,7,0.05009
Tanda-Stokeworth,Tanda Stokeworth,Other,7,48,7,0.332775,0.356951,7.279956,0.031013,0.031013,0.001025,0,10,2,0.761905,16,0.121063
Tansy,Tansy,Other,6,25,7,0.306595,0.327287,60.116887,0.014184,0.014184,0.000949,0,1,0,0.466667,7,0.056137
Tarber,Tarber,Other,1,3,8,0.203325,0.20922,0,0.000049,0.000049,0.000542,0,0,0,0,0,0.000303
Tattered-Prince,Tattered Prince,Other,8,45,7,0.280226,0.302612,1854.933831,0.003177,0.003177,0.001789,0,6,14,0.428571,12,0.016314
Ternesio-Terys,Ternesio Terys,Other,2,8,7,0.301593,0.319404,0,0.00626,0.00626,0.000564,0,0,0,1,1,0.025081
Terrance-Lynderly,Terrance Lynderly,Other,3,12,8,0.254563,0.267953,794,0.001515,0.001515,0.000979,0,10,10,0.333333,1,0.0062
Theobald,Theobald,Other,1,7,7,0.260827,0.277394,0,0.001558,0.001558,0.000323,0,11,6,0,0,0.007581
Theomore,Theomore,Other,2,6,6,0.311033,0.328449,0,0.007737,0.007737,0.000464,0,2,8,1,1,0.031581
Theon-Greyjoy,Theon Greyjoy,Greyjoy,66,782,6,0.423323,0.474654,35122.684453,0.102474,0.102474,0.01204,0,1,7,0.095105,204,0.420924
Thistle,Thistle,Other,1,7,7,0.236889,0.246634,0,0.000251,0.000251,0.000431,0,11,6,0,0,0.001315
Thoren-Smallwood,Thoren Smallwood,Other,9,56,6,0.314229,0.338658,808.213827,0.010124,0.010124,0.001693,0,11,6,0.416667,15,0.047067
Thoros-of-Myr,Thoros of Myr,Other,9,117,6,0.34018,0.363564,158.661733,0.03045,0.03045,0.001373,0,0,0,0.638889,23,0.120211
Tickler,Tickler,Other,12,143,7,0.333194,0.358691,0,0.046201,0.046201,0.001516,0,0,5,1,66,0.178472
Timeon,Timeon,Other,4,22,7,0.289934,0.308964,9.027312,0.00905,0.00905,0.000745,0,9,17,0.666667,4,0.035203
Timett,Timett,Other,4,29,7,0.323961,0.343052,1.295455,0.016513,0.016513,0.000746,0,10,2,0.833333,5,0.064997
Timoth,Timoth,Other,1,3,8,0.228055,0.238573,0,0.00043,0.00043,0.000351,0,15,1,0,0,0.002032
Tion-Frey,Tion Frey,Frey,1,6,7,0.236678,0.24442,0,0.00031,0.00031,0.0004,0,19,17,0,0,0.001296
Tobho-Mott,Tobho Mott,Other,1,7,7,0.313239,0.327287,0,0.006707,0.006707,0.00032,0,10,18,0,0,0.026539
Todder,Todder,Other,4,41,6,0.308858,0.330273,0,0.006445,0.006445,0.000721,0,11,6,1,6,0.029964
Tom-Barleycorn,Tom Barleycorn,Other,1,4,6,0.308259,0.327966,0,0.005045,0.005045,0.00033,0,11,6,0,0,0.022418
Tom-of-Sevenstreams,Tom of Sevenstreams,Other,9,85,7,0.305652,0.328314,135.300449,0.012734,0.012734,0.001424,0,0,0,0.555556,20,0.051295
Tomard,Tomard,Other,7,42,7,0.333473,0.356825,46.171612,0.029322,0.029322,0.001116,0,10,18,0.619048,13,0.115398
Tommen-Baratheon,Tommen Baratheon,Baratheon,33,539,6,0.384615,0.424444,1973.003163,0.117162,0.117162,0.004306,0,10,12,0.327652,173,0.459055
Torbert,Torbert,Other,1,4,8,0.238381,0.246213,0,0.000289,0.000289,0.000498,0,17,12,0,0,0.001175
Toregg,Toregg,Other,3,18,6,0.308738,0.329644,0,0.005655,0.005655,0.000653,0,11,6,1,3,0.025759
Torghen-Flint,Torghen Flint,Other,1,3,7,0.235835,0.244927,0,0.000177,0.000177,0.000515,0,11,6,0,0,0.000907
Torgon-Greyiron,Torgon Greyiron,Other,1,3,7,0.260314,0.271165,0,0.000805,0.000805,0.000367,0,7,7,0,0,0.003745
Tormund,Tormund,Other,15,180,6,0.312009,0.339665,1625.360867,0.011302,0.011302,0.00271,0,11,6,0.27619,29,0.053665
Torrhen-Karstark,Torrhen Karstark,Other,3,11,6,0.32502,0.341384,16.502382,0.013018,0.013018,0.000664,0,10,18,0.666667,2,0.051882
Torrhen-Stark,Torrhen Stark,Stark,2,6,7,0.313857,0.328754,0,0.007602,0.007602,0.000489,0,6,0,1,1,0.0303
Torwold-Browntooth,Torwold Browntooth,Other,1,3,9,0.171743,0.175838,0,0.000001,0.000001,0.000608,0,7,7,0,0,0.000107
Tregar,Tregar,Other,1,4,7,0.313239,0.327287,0,0.006707,0.006707,0.00032,0,10,18,0,0,0.026539
Tristifer-Botley,Tristifer Botley,Other,3,24,7,0.260741,0.272947,0,0.000872,0.000872,0.000819,0,7,7,1,3,0.004366
Tristifer-IV-Mudd,Tristifer IV Mudd,Other,1,3,6,0.307663,0.322704,0,0.006061,0.006061,0.000316,0,1,3,0,0,0.024296
Trystane-Martell,Trystane Martell,Martell,2,17,7,0.285151,0.29909,20.244222,0.002995,0.002995,0.000468,0,15,14,0,0,0.01242
Tybero-Istarion,Tybero Istarion,Other,3,16,7,0.324093,0.342423,0,0.009728,0.009728,0.000642,0,10,14,1,3,0.039092
Tycho-Nestoris,Tycho Nestoris,Other,3,22,6,0.331942,0.355052,168.53881,0.012222,0.012222,0.00064,0,11,7,0.666667,2,0.052045
Tyene-Sand,Tyene Sand,Other,9,57,7,0.27585,0.294133,844.75291,0.005171,0.005171,0.001679,0,15,1,0.388889,14,0.021684
Tyrion-Lannister,Tyrion Lannister,Lannister,122,2873,6,0.476333,0.538365,51189.942799,0.251562,0.251562,0.018362,0,10,2,0.089283,659,1
Tysha,Tysha,Other,4,24,7,0.336437,0.360054,4.744339,0.025649,0.025649,0.000688,0,10,2,0.833333,5,0.100585
Tytos-Blackwood,Tytos Blackwood,Other,5,19,7,0.319791,0.342108,33.048706,0.017032,0.017032,0.000948,0,9,3,0.5,5,0.067104
Tywin-Lannister,Tywin Lannister,Lannister,48,690,6,0.411278,0.455073,6523.717361,0.159782,0.159782,0.006579,0,10,9,0.271277,306,0.629004
Ulf-son-of-Umar,Ulf son of Umar,Other,1,4,8,0.245598,0.254305,0,0.000568,0.000568,0.000385,0,10,2,0,0,0.002299
Ulmer,Ulmer,Other,1,3,6,0.308259,0.327966,0,0.005045,0.005045,0.00033,0,11,6,0,0,0.022418
Umma,Umma,Other,1,6,7,0.301479,0.318775,0,0.006041,0.006041,0.000325,0,0,0,0,0,0.024132
Unella,Unella,Other,4,43,7,0.312992,0.331312,1,0.009642,0.009642,0.000812,0,3,12,0.666667,4,0.037622
Urswyck,Urswyck,Other,1,11,7,0.311398,0.328733,0,0.007921,0.007921,0.000319,0,9,11,0,0,0.030959
Urzen,Urzen,Other,2,6,7,0.2982,0.315253,0,0.003731,0.003731,0.000562,0,1,7,1,1,0.016029
Utherydes-Wayn,Utherydes Wayn,Other,3,15,6,0.312746,0.331111,0,0.012739,0.012739,0.000598,0,1,3,1,3,0.050828
Val,Val,Other,9,125,6,0.347465,0.370755,256.310027,0.023277,0.023277,0.001419,0,11,6,0.472222,17,0.098599
Varamyr,Varamyr,Other,6,39,6,0.310304,0.332956,2379,0.00716,0.00716,0.001709,0,11,6,0.2,3,0.032633
Vardis-Egen,Vardis Egen,Other,6,37,7,0.331388,0.354331,56.490571,0.021503,0.021503,0.00099,0,10,10,0.533333,8,0.084997
Vargo-Hoat,Vargo Hoat,Other,10,73,7,0.331112,0.358209,215.891358,0.030833,0.030833,0.001531,0,9,0,0.422222,19,0.121377
Varly,Varly,Other,1,4,7,0.313239,0.327287,0,0.006707,0.006707,0.00032,0,10,18,0,0,0.026539
Varys,Varys,Other,34,609,6,0.401515,0.43935,2904.093332,0.129808,0.129808,0.004487,0,10,15,0.363636,204,0.511315
Vayon-Poole,Vayon Poole,Other,5,28,6,0.342083,0.363669,0,0.030743,0.030743,0.000811,0,10,18,1,10,0.121393
Victarion-Greyjoy,Victarion Greyjoy,Greyjoy,24,215,7,0.333753,0.365819,11504.399411,0.009394,0.009394,0.006258,0,7,7,0.101449,28,0.044334
Visenya-Targaryen,Visenya Targaryen,Targaryen,2,6,7,0.265797,0.275903,0,0.000928,0.000928,0.000621,0,6,0,1,1,0.00399
Viserys-Targaryen,Viserys Targaryen,Targaryen,14,169,6,0.350375,0.376541,775.544788,0.030214,0.030214,0.002102,0,6,14,0.406593,37,0.124679
Vylarr,Vylarr,Other,2,9,7,0.329056,0.349404,0,0.017054,0.017054,0.000433,0,10,2,1,1,0.067077
Vyman,Vyman,Other,3,23,7,0.307425,0.326867,1.83,0.01149,0.01149,0.000574,0,1,3,0.666667,2,0.045296
Waif,Waif,Other,2,33,7,0.301593,0.319404,0,0.00626,0.00626,0.000564,0,0,0,1,1,0.025081
Walda-Frey-(daughter-of-Merrett),Walda Frey (daughter of Merrett),Frey,2,7,7,0.302281,0.319677,0,0.006742,0.006742,0.000464,0,1,15,1,1,0.027736
Walder-Frey,Walder Frey,Frey,19,176,6,0.360054,0.390377,2093.839532,0.054951,0.054951,0.002829,0,1,3,0.345029,59,0.217587
Walder-Frey-(son-of-Jammos),Walder Frey (son of Jammos),Frey,3,26,6,0.311276,0.329644,0,0.008489,0.008489,0.000621,0,1,7,1,3,0.03532
Walder-Frey-(son-of-Merrett),Walder Frey (son of Merrett),Frey,8,52,6,0.313486,0.335157,43.306559,0.017584,0.017584,0.00137,0,1,7,0.571429,16,0.072699
Walder-Rivers,Walder Rivers,Other,5,24,6,0.324888,0.345786,19.425924,0.016284,0.016284,0.000865,0,9,3,0.6,6,0.064561
Walgrave,Walgrave,Other,2,13,8,0.177139,0.184272,794,0.000006,0.000006,0.00097,0,14,6,0,0,0.000315
Walton,Walton,Other,5,34,7,0.318127,0.339823,794,0.017162,0.017162,0.000995,0,9,15,0.6,6,0.067252
Watt,Watt,Other,1,3,7,0.24223,0.254307,0,0.000655,0.000655,0.000316,0,11,6,0,0,0.003502
Waymar-Royce,Waymar Royce,Other,3,34,7,0.280919,0.293387,502.936107,0.002029,0.002029,0.000841,0,18,6,0.333333,1,0.008629
Weasel,Weasel,Other,4,27,7,0.302052,0.321081,1.7,0.007651,0.007651,0.000739,0,0,0,0.666667,4,0.030805
Weeper,Weeper,Other,5,24,6,0.308978,0.330901,2,0.006607,0.006607,0.000904,0,11,6,0.7,7,0.030745
Weese,Weese,Other,8,49,7,0.315226,0.337266,33.918697,0.021756,0.021756,0.001167,0,0,5,0.5,14,0.084724
Wendel-Manderly,Wendel Manderly,Other,7,28,6,0.313486,0.334046,814.27447,0.014753,0.014753,0.001411,0,1,3,0.380952,8,0.059294
Werlag,Werlag,Other,2,6,7,0.297641,0.31431,0,0.003721,0.003721,0.000564,0,1,7,1,1,0.015898
Wex-Pyke,Wex Pyke,Other,5,32,7,0.301822,0.321584,679.503653,0.005159,0.005159,0.00119,0,1,7,0.3,3,0.022569
Wick-Whittlestick,Wick Whittlestick,Other,2,10,6,0.308379,0.328595,0,0.005967,0.005967,0.000455,0,11,6,1,1,0.026891
Widower,Widower,Other,1,3,7,0.279045,0.292863,0,0.003433,0.003433,0.000315,0,6,14,0,0,0.01389
Will-(prologue),Will (prologue),Other,2,30,7,0.223692,0.231081,0,0.000125,0.000125,0.000665,0,18,6,1,1,0.000764
Willam-Dustin,Willam Dustin,Other,2,7,6,0.325553,0.33935,0,0.013509,0.013509,0.000435,0,10,18,1,1,0.053449
Willas-Tyrell,Willas Tyrell,Tyrell,8,37,7,0.333753,0.358628,5.222816,0.037533,0.037533,0.001151,0,10,4,0.75,21,0.146094
Willem-Lannister,Willem Lannister,Lannister,4,15,6,0.309942,0.327379,827.858421,0.008856,0.008856,0.000994,0,19,17,0,0,0.035179
William-Foxglove,William Foxglove,Other,1,3,6,0.307901,0.324256,0,0.006371,0.006371,0.000319,0,2,8,0,0,0.025882
Willis-Wode,Willis Wode,Other,6,28,7,0.333473,0.356595,13.488288,0.022615,0.022615,0.000976,0,1,2,0.8,12,0.089672
Willow-Heddle,Willow Heddle,Other,2,8,7,0.283827,0.301542,0,0.005471,0.005471,0.000459,0,9,17,1,1,0.021546
Willow-Witch-eye,Willow Witch eye,Other,1,4,7,0.29753,0.313681,0,0.003586,0.003586,0.000344,0,1,7,0,0,0.015207
Woth,Woth,Other,5,18,7,0.304364,0.324226,0,0.009991,0.009991,0.000879,0,0,0,1,10,0.040497
Wulfe,Wulfe,Other,1,3,8,0.250315,0.262311,0,0.000329,0.000329,0.00041,0,7,7,0,0,0.001965
Wun-Weg-Wun-Dar-Wun,Wun Weg Wun Dar Wun,Other,4,28,6,0.310304,0.331908,3.049679,0.006466,0.006466,0.000809,0,11,8,0.666667,4,0.029147
Wyl-(guard),Wyl (guard),Other,4,15,7,0.326891,0.346637,85.016849,0.017695,0.017695,0.000775,0,10,18,0.666667,4,0.06978
Wylis-Manderly,Wylis Manderly,Other,2,6,7,0.314353,0.332842,0,0.013512,0.013512,0.000435,0,9,11,1,1,0.052669
Wylla,Wylla,Other,1,3,7,0.313239,0.327287,0,0.006707,0.006707,0.00032,0,10,18,0,0,0.026539
Wyman-Manderly,Wyman Manderly,Other,17,116,6,0.355705,0.385031,2917.165276,0.039023,0.039023,0.002911,0,2,8,0.279412,38,0.159076
Wynton-Stout,Wynton Stout,Other,1,3,6,0.262636,0.274004,0,0.001226,0.001226,0.000325,0,11,6,0,0,0.005823
Xaro-Xhoan-Daxos,Xaro Xhoan Daxos,Other,3,42,7,0.289723,0.309593,14.123823,0.005723,0.005723,0.000696,0,6,14,0.666667,2,0.024756
Xhondo,Xhondo,Other,2,22,7,0.260912,0.278023,0,0.001614,0.001614,0.000562,0,11,6,1,1,0.00797
Yandry,Yandry,Other,7,65,7,0.324755,0.345463,0.642857,0.01267,0.01267,0.001175,0,16,14,0.952381,20,0.051553
Yellow-Dick,Yellow Dick,Other,3,15,7,0.298535,0.31605,0,0.005447,0.005447,0.000668,0,1,7,1,3,0.023191
Yezzan-zo-Qaggaz,Yezzan zo Qaggaz,Other,5,48,7,0.323302,0.342528,1.833333,0.01032,0.01032,0.001022,0,10,2,0.6,6,0.041557
Ygritte,Ygritte,Other,13,165,6,0.313239,0.339727,838.014251,0.011012,0.011012,0.002363,0,11,6,0.346154,27,0.051684
Yohn-Royce,Yohn Royce,Other,8,40,7,0.306595,0.328649,623.710171,0.015496,0.015496,0.001354,0,10,10,0.428571,12,0.060775
Yoren,Yoren,Other,18,120,6,0.370975,0.404885,1530.268947,0.048581,0.048581,0.002674,0,0,0,0.30719,47,0.197373
Yorko-Terys,Yorko Terys,Other,1,6,7,0.301479,0.318775,0,0.006041,0.006041,0.000325,0,0,0,0,0,0.024132
Ysilla,Ysilla,Other,6,46,7,0.324225,0.34431,0,0.011529,0.011529,0.001025,0,16,14,1,15,0.046823
Yurkhaz-zo-Yunzak,Yurkhaz zo Yunzak,Other,1,4,7,0.277197,0.294582,0,0.002206,0.002206,0.00034,0,6,14,0,0,0.010346
Zei,Zei,Other,1,3,6,0.308259,0.327966,0,0.005045,0.005045,0.00033,0,11,6,0,0,0.022418
Zollo,Zollo,Other,4,14,7,0.3125,0.331878,0.2,0.010131,0.010131,0.000736,0,9,0,0.833333,5,0.039885
